Factor,Variable,Loading,Sign_reversed,Corrected_item_total_correlation,Alpha_if_deleted
Factor 1,CD_Blog_LemmaSum,0.958,False,0.952313522727187,0.9723384119475501
Factor 1,Freq_Blog_LemmaSum,0.955,False,0.9523294969472924,0.972338262325404
Factor 1,CD_SUBTLEXUK_LemmaSum,0.953,False,0.9470422847011833,0.9723877700700554
Factor 1,CD_News_LemmaSum,0.944,False,0.9019659130221239,0.9728086466197432
Factor 1,Freq_SUBTLEXUK_Zipf_LemmaSum,0.943,False,0.9433039899259025,0.9724227563388
Factor 1,Freq_SUBTLEXUK_LemmaSum,0.943,False,0.9433039899259026,0.9724227563388
Factor 1,Freq_News_LemmaSum,0.942,False,0.9015130347692171,0.9728128642080525
Factor 1,CD_Twitter_LemmaSum,0.92,False,0.9242367343546298,0.9726009738802387
Factor 1,Freq_Twitter_LemmaSum,0.919,False,0.923733460958208,0.9726056726463517
Factor 1,CD_SUBTLEXUS_LemmaSum,0.904,False,0.92273369478929,0.9726150060756021
Factor 1,Freq_SUBTLEXUS_LemmaSum,0.897,False,0.9198733036860424,0.9726417037272828
Factor 1,Freq_SUBTLEXUS_Zipf_LemmaSum,0.897,False,0.9198733036860421,0.9726417037272828
Factor 1,Freq_HAL_LemmaSum,0.897,False,0.8695258198152048,0.9731102079828475
Factor 1,Freq_KF_LemmaSum,0.861,False,0.8413717876275244,0.9733710261621644
Factor 1,Cumfreq_TASA,0.612,False,0.743881431698531,0.9742677381956444
Factor 1,Sem_N,0.578,False,0.6276294900122793,0.9753240484881334
Factor 1,Nsenses_WordNet,0.491,False,0.5145628213045967,0.9763380031340485
Factor 1,Sem_N_D,0.463,False,0.43635787203715226,0.977031653814224
Factor 1,Sem_Diversity,0.421,False,0.4020407993822882,0.9773340661487673
Factor 1,AoA_Kuper,-0.524,True,0.5750222770677758,0.9757974549978501
Factor 1,AoA_LWV,-0.531,True,0.5886433078562568,0.9756751548344204
Factor 2,OLD20,0.884,False,0.8736236638250283,0.9533926455987269
Factor 2,PLD20,0.877,False,0.8760481900848993,0.9533569354514093
Factor 2,NLett,0.813,False,0.8732987336307263,0.9533974305109105
Factor 2,OUP,0.806,False,0.8176396169294378,0.9542139635796733
Factor 2,NPhon,0.799,False,0.882160344975994,0.9532668592428536
Factor 2,PUP,0.742,False,0.80412563515295,0.9544112886921738
Factor 2,NSyll,0.729,False,0.814852549551887,0.9542546887249919
Factor 2,NMorph,0.548,False,0.5169891693788834,0.9585191707412143
Factor 2,Consistency_Token_FB_C,0.407,False,0.43580623171318655,0.9596516104676296
Factor 2,Consistency_Type_FB_C,0.405,False,0.4340884817825066,0.959675435358627
Factor 2,BigramF_Avg_C_Log,-0.625,True,0.4986624295091097,0.9587759204979744
Factor 2,Phonographic_N,-0.683,True,0.6720330362171244,0.9563210675587758
Factor 2,OLD20F,-0.707,True,0.682349802458652,0.956173143249707
Factor 2,PLD20F,-0.737,True,0.7220904003806341,0.9556013837047225
Factor 2,Orth_N,-0.739,True,0.7450462902024573,0.9552696970910044
Factor 2,Orth_Spread,-0.742,True,0.7347101635075705,0.9554191707442372
Factor 2,Phon_N,-0.753,True,0.7557760999405769,0.9551143076618679
Factor 2,Phon_Spread,-0.753,True,0.7407631611735835,0.9553316621532086
Factor 2,UnigramF_Avg_C_Log,-0.855,True,0.855820463386225,0.9536545049034937
Factor 3,Consistency_Token_FB,0.968,False,0.9334462335691701,0.9300457712440894
Factor 3,Consistency_Type_FB,0.966,False,0.9323911106172471,0.9301191019410004
Factor 3,Consistency_Token_FB_ON,0.811,False,0.752388577873636,0.9423226179880779
Factor 3,Consistency_Type_FB_ON,0.811,False,0.7537547265519049,0.9422322692498022
Factor 3,Consistency_Token_FB_N,0.81,False,0.8093688347084596,0.9385250205416164
Factor 3,Consistency_Type_FB_N,0.81,False,0.8110448438708233,0.9384124072954888
Factor 3,Consistency_Token_FB_R,0.768,False,0.7226057316762841,0.9442837502408993
Factor 3,Consistency_Type_FB_R,0.765,False,0.7191036707156779,0.9445132842636268
Factor 4,Consistency_Token_FF,0.948,False,0.9552796428346256,0.9041296882629504
Factor 4,Consistency_Type_FF,0.945,False,0.954983099326345,0.9041535226072371
Factor 4,Consistency_Token_FF_ON,0.889,False,0.7703321727936774,0.918609526165064
Factor 4,Consistency_Type_FF_ON,0.889,False,0.7760052233408146,0.9181767162951697
Factor 4,Consistency_Type_FF_N,0.846,False,0.7672917324625413,0.9188411962475288
Factor 4,Consistency_Token_FF_N,0.846,False,0.7653881895852717,0.918986135377801
Factor 4,Consistency_Token_FF_R,0.485,False,0.5427513463867178,0.9353954876923676
Factor 4,Consistency_Type_FF_R,0.481,False,0.540787949161624,0.9355354830999358
Factor 5,UniphonP_St_C,0.82,False,0.7063613809409998,0.8868323610402711
Factor 5,UniphonP_Un_C,0.819,False,0.7345668477321902,0.8851931198639016
Factor 5,UniphonP_Un,0.805,False,0.6749182307262596,0.8886463862309557
Factor 5,UniphonP_St,0.799,False,0.6542482024388666,0.8898312342247933
Factor 5,BiphonP_St,0.757,False,0.7716012202470212,0.8830234280323895
Factor 5,BiphonP_Un,0.734,False,0.730137873085148,0.8854512761025561
Factor 5,TriphonP_Un,0.72,False,0.7239874457921615,0.885809306246774
Factor 5,TriphonP_St,0.711,False,0.7119288035139089,0.8865096955980177
Factor 5,TrigramF_Avg_U_Log,0.461,False,0.5109604572890428,0.8978797303751896
Factor 5,TrigramF_Avg_C_Log,0.453,False,0.36471105807940035,0.9058023753557697
Factor 5,BigramF_Avg_U_Log,0.432,False,0.407906399451315,0.9034926668059774
Factor 6,AoA_Kuper,-0.421,True,0.5665461618499478,0.7973863578553733
Factor 6,AoA_LWV,-0.42,True,0.57723552158625,0.7958852028236584
Factor 6,Conc_Brys,0.802,False,0.7038455934594245,0.7776620707066313
Factor 6,Visual_Lanc,0.759,False,0.6130366551386217,0.7908154024894447
Factor 6,Haptic_Lanc,0.749,False,0.6328642572309713,0.7879795786029034
Factor 6,Mink_Perceptual_Lanc,0.641,False,0.598515747493114,0.7928795422117381
Factor 6,Hand_Arm_Lanc,0.585,False,0.4621800481320572,0.8117429823643926
Factor 6,Interoceptive_Lanc,-0.426,True,0.20530933771338014,0.8448301621669944
Factor 7,Sem_N_D_Taxonomic_N10,0.923,False,0.9994876675532187,0.9968643878630011
Factor 7,Sem_N_D_Taxonomic_N25,0.922,False,0.9983108706086924,0.9971610882100106
Factor 7,Sem_N_D_Taxonomic_N50,0.92,False,0.9951199936372456,0.9979648190135583
Factor 7,Sem_N_D_Taxonomic_N3,0.92,False,0.9897627996892685,0.9993116816548616
Factor 8,Interoceptive_Lanc,0.446,False,0.21747733406650904,0.8373889479340355
Factor 8,Assoc_Freq_Token123,0.8,False,0.7845803246879005,0.7383741097846427
Factor 8,Assoc_Freq_Type,0.784,False,0.7963545882983067,0.7360725288931712
Factor 8,Assoc_Freq_Type123,0.779,False,0.7844006960143344,0.7384091415930939
Factor 8,Assoc_Freq_Token,0.779,False,0.7555904791732688,0.7439963262386882
Factor 8,Mink_Action_Lanc,0.482,False,0.3248022849635508,0.8203569161473134
Factor 8,Mouth_Throat_Lanc,0.475,False,0.24241029710820322,0.8334996875440445
