Word,Lemma_saved_factor_analysis,Lemma_spacy,PoS_tag_spacy,Spelling,DomPoSLemma,Dom_PoS_SUBTLEX,Pipeline_step,Pipeline_source,Lemma_before_step4,Step4_special_case,Lemma_pipeline_final
abolishes,abolish,abolishe,NOUN,abolishes,abolish,Verb,1,Step 1: SUBTLEX-UK,abolish,False,abolish
acorns,acorn,acorns,PROPN,acorns,acorn,Noun,1,Step 1: SUBTLEX-UK,acorn,False,acorn
advanced,advanced,advance,VERB,advanced,advanced,Adjective,1,Step 1: SUBTLEX-UK,advanced,False,advanced
affording,afford,affording,ADJ,affording,afford,Verb,1,Step 1: SUBTLEX-UK,afford,False,afford
aged,age,aged,ADJ,aged,age,Verb,1,Step 1: SUBTLEX-UK,age,False,age
annoying,annoy,annoying,ADJ,annoying,annoy,Adjective,1,Step 1: SUBTLEX-UK,annoy,False,annoy
antennae,antenna,antennae,NOUN,antennae,antenna,Noun,1,Step 1: SUBTLEX-UK,antenna,False,antenna
aped,ape,aped,VERB,aped,ape,,1,Step 1: SUBTLEX-UK,ape,False,ape
arched,arched,arch,VERB,arched,arched,Adjective,1,Step 1: SUBTLEX-UK,arched,False,arched
aromas,aroma,aromas,PROPN,aromas,aroma,Noun,1,Step 1: SUBTLEX-UK,aroma,False,aroma
arrowed,arrow,arrowe,VERB,arrowed,arrow,,1,Step 1: SUBTLEX-UK,arrow,False,arrow
ashes,ash,ashe,NOUN,ashes,ash,Noun,1,Step 1: SUBTLEX-UK,ash,False,ash
athletics,athletics,athletic,NOUN,athletics,athletics,Noun,1,Step 1: SUBTLEX-UK,athletics,False,athletics
attaches,attach,attache,NOUN,attaches,attach,Verb,1,Step 1: SUBTLEX-UK,attach,False,attach
auditoria,auditorium,auditoria,PROPN,auditoria,auditorium,,1,Step 1: SUBTLEX-UK,auditorium,False,auditorium
bacteria,bacterium,bacteria,NOUN,bacteria,bacterium,Noun,1,Step 1: SUBTLEX-UK,bacterium,False,bacterium
bade,bid,bade,NOUN,bade,bid,Verb,1,Step 1: SUBTLEX-UK,bid,False,bid
balconied,balcony,balconie,VERB,balconied,balcony,,1,Step 1: SUBTLEX-UK,balcony,False,balcony
barbed,barbed,barb,VERB,barbed,barbed,Adjective,1,Step 1: SUBTLEX-UK,barbed,False,barbed
barefooted,barefoot,barefoote,VERB,barefooted,barefoot,Adjective,1,Step 1: SUBTLEX-UK,barefoot,False,barefoot
bathed,bath,bathe,VERB,bathed,bath,Verb,1,Step 1: SUBTLEX-UK,bath,False,bath
bathing,bathing,bathe,VERB,bathing,bathing,Adjective,1,Step 1: SUBTLEX-UK,bathing,False,bathing
bedding,bedding,bed,VERB,bedding,bedding,Noun,1,Step 1: SUBTLEX-UK,bedding,False,bedding
beefed,beef,beefed,PROPN,beefed,beef,Verb,1,Step 1: SUBTLEX-UK,beef,False,beef
beginning,beginning,begin,VERB,beginning,beginning,Noun,1,Step 1: SUBTLEX-UK,beginning,False,beginning
bi,bus,bi,PROPN,bi,bus,Noun,1,Step 1: SUBTLEX-UK,bus,False,bus
bidden,bid,bidden,PROPN,bidden,bid,Verb,1,Step 1: SUBTLEX-UK,bid,False,bid
binding,binding,bind,VERB,binding,binding,Adjective,1,Step 1: SUBTLEX-UK,binding,False,binding
blesses,bless,blesse,NOUN,blesses,bless,Verb,1,Step 1: SUBTLEX-UK,bless,False,bless
bloomed,bloom,bloomed,VERB,bloomed,bloom,Verb,1,Step 1: SUBTLEX-UK,bloom,False,bloom
blossoming,blossom,blossoming,NOUN,blossoming,blossom,Verb,1,Step 1: SUBTLEX-UK,blossom,False,blossom
boarding,board,boarding,NOUN,boarding,board,Noun,1,Step 1: SUBTLEX-UK,board,False,board
bogged,bog,bogge,VERB,bogged,bog,Verb,1,Step 1: SUBTLEX-UK,bog,False,bog
bookkeeping,bookkeeping,bookkeepe,VERB,bookkeeping,bookkeeping,Noun,1,Step 1: SUBTLEX-UK,bookkeeping,False,bookkeeping
bore,bear,bore,PROPN,bore,bear,Verb,1,Step 1: SUBTLEX-UK,bear,False,bear
borne,bear,borne,VERB,borne,bear,Verb,1,Step 1: SUBTLEX-UK,bear,False,bear
bottomed,bottom,bottomed,ADJ,bottomed,bottom,Verb,1,Step 1: SUBTLEX-UK,bottom,False,bottom
boycotts,boycott,boycotts,PROPN,boycotts,boycott,Noun,1,Step 1: SUBTLEX-UK,boycott,False,boycott
brandies,brandy,brandie,VERB,brandies,brandy,Noun,1,Step 1: SUBTLEX-UK,brandy,False,brandy
bricking,brick,bricke,VERB,bricking,brick,Verb,1,Step 1: SUBTLEX-UK,brick,False,brick
brimmed,brim,brimmed,VERB,brimmed,brim,,1,Step 1: SUBTLEX-UK,brim,False,brim
browed,brow,browe,VERB,browed,brow,,1,Step 1: SUBTLEX-UK,brow,False,brow
building,building,build,VERB,building,building,Noun,1,Step 1: SUBTLEX-UK,building,False,building
bulbs,bulb,bulbs,PROPN,bulbs,bulb,Noun,1,Step 1: SUBTLEX-UK,bulb,False,bulb
bunches,bunch,bunche,NOUN,bunches,bunch,Noun,1,Step 1: SUBTLEX-UK,bunch,False,bunch
bunching,bunch,bunching,NOUN,bunching,bunch,Verb,1,Step 1: SUBTLEX-UK,bunch,False,bunch
bureaus,bureau,bureaus,PROPN,bureaus,bureau,Noun,1,Step 1: SUBTLEX-UK,bureau,False,bureau
buries,bury,burie,NOUN,buries,bury,Verb,1,Step 1: SUBTLEX-UK,bury,False,bury
busies,busy,busie,NOUN,busies,busy,Verb,1,Step 1: SUBTLEX-UK,busy,False,busy
calamities,calamity,calamitie,VERB,calamities,calamity,Noun,1,Step 1: SUBTLEX-UK,calamity,False,calamity
caravanned,caravan,caravanne,VERB,caravanned,caravan,,1,Step 1: SUBTLEX-UK,caravan,False,caravan
cargoes,cargo,cargoe,VERB,cargoes,cargo,Noun,1,Step 1: SUBTLEX-UK,cargo,False,cargo
carpeting,carpeting,carpet,VERB,carpeting,carpeting,Noun,1,Step 1: SUBTLEX-UK,carpeting,False,carpeting
celled,cell,celle,VERB,celled,cell,,1,Step 1: SUBTLEX-UK,cell,False,cell
chested,chest,cheste,VERB,chested,chest,Verb,1,Step 1: SUBTLEX-UK,chest,False,chest
circuses,circus,circuse,VERB,circuses,circus,Noun,1,Step 1: SUBTLEX-UK,circus,False,circus
citrus,citrus,citru,NOUN,citrus,citrus,Noun,1,Step 1: SUBTLEX-UK,citrus,False,citrus
clad,clad,clothe,VERB,clad,clad,Verb,1,Step 1: SUBTLEX-UK,clad,False,clad
clarifies,clarify,clarifie,NOUN,clarifies,clarify,Verb,1,Step 1: SUBTLEX-UK,clarify,False,clarify
classifies,classify,classifie,NOUN,classifies,classify,Verb,1,Step 1: SUBTLEX-UK,classify,False,classify
climaxes,climax,climaxes,PROPN,climaxes,climax,Verb,1,Step 1: SUBTLEX-UK,climax,False,climax
cling,cling,cle,VERB,cling,cling,Verb,1,Step 1: SUBTLEX-UK,cling,False,cling
clouded,cloud,clouded,ADJ,clouded,cloud,Verb,1,Step 1: SUBTLEX-UK,cloud,False,cloud
clumped,clump,clumped,VERB,clumped,clump,Verb,1,Step 1: SUBTLEX-UK,clump,False,clump
clumping,clump,clumping,NOUN,clumping,clump,Verb,1,Step 1: SUBTLEX-UK,clump,False,clump
clung,cling,clung,PROPN,clung,cling,Verb,1,Step 1: SUBTLEX-UK,cling,False,cling
cluttered,clutter,cluttered,ADJ,cluttered,clutter,Verb,1,Step 1: SUBTLEX-UK,clutter,False,clutter
coating,coating,coat,VERB,coating,coating,Noun,1,Step 1: SUBTLEX-UK,coating,False,coating
cocoas,cocoa,cocoas,NOUN,cocoas,cocoa,Noun,1,Step 1: SUBTLEX-UK,cocoa,False,cocoa
collared,collar,collared,ADJ,collared,collar,Verb,1,Step 1: SUBTLEX-UK,collar,False,collar
columned,column,columne,VERB,columned,column,,1,Step 1: SUBTLEX-UK,column,False,column
comics,comic,comic_strip,NOUN,comics,comic,Noun,1,Step 1: SUBTLEX-UK,comic,False,comic
commanding,commanding,command,VERB,commanding,commanding,Adjective,1,Step 1: SUBTLEX-UK,commanding,False,commanding
complies,comply,complie,NOUN,complies,comply,Verb,1,Step 1: SUBTLEX-UK,comply,False,comply
confesses,confess,confesse,NOUN,confesses,confess,Verb,1,Step 1: SUBTLEX-UK,confess,False,confess
contents,contents,content,NOUN,contents,contents,Noun,1,Step 1: SUBTLEX-UK,contents,False,contents
coped,cope,coped,VERB,coped,cope,Verb,1,Step 1: SUBTLEX-UK,cope,False,cope
cornered,corner,cornered,ADJ,cornered,corner,Verb,1,Step 1: SUBTLEX-UK,corner,False,corner
cribbed,crib,cribbed,VERB,cribbed,crib,Verb,1,Step 1: SUBTLEX-UK,crib,False,crib
crooked,crooked,crook,VERB,crooked,crooked,Adjective,1,Step 1: SUBTLEX-UK,crooked,False,crooked
crosses,cross,crosse,NOUN,crosses,cross,Verb,1,Step 1: SUBTLEX-UK,cross,False,cross
cunning,cunning,cunne,VERB,cunning,cunning,Adjective,1,Step 1: SUBTLEX-UK,cunning,False,cunning
dairying,dairy,dairye,VERB,dairying,dairy,,1,Step 1: SUBTLEX-UK,dairy,False,dairy
damped,damp,damped,VERB,damped,damp,,1,Step 1: SUBTLEX-UK,damp,False,damp
daring,daring,dare,VERB,daring,daring,Adjective,1,Step 1: SUBTLEX-UK,daring,False,daring
darkens,darken,darkens,PROPN,darkens,darken,Verb,1,Step 1: SUBTLEX-UK,darken,False,darken
deceased,deceased,decease,VERB,deceased,deceased,Adjective,1,Step 1: SUBTLEX-UK,deceased,False,deceased
decreed,decree,decreed,VERB,decreed,decree,Verb,1,Step 1: SUBTLEX-UK,decree,False,decree
dedicated,dedicate,dedicated,ADJ,dedicated,dedicate,Verb,1,Step 1: SUBTLEX-UK,dedicate,False,dedicate
delighted,delighted,delight,VERB,delighted,delighted,Adjective,1,Step 1: SUBTLEX-UK,delighted,False,delighted
dens,den,dens,VERB,dens,den,Noun,1,Step 1: SUBTLEX-UK,den,False,den
devouring,devour,devouring,ADJ,devouring,devour,Verb,1,Step 1: SUBTLEX-UK,devour,False,devour
dignified,dignified,dignify,VERB,dignified,dignified,Adjective,1,Step 1: SUBTLEX-UK,dignified,False,dignified
dilemmas,dilemma,dilemmas,PROPN,dilemmas,dilemma,Noun,1,Step 1: SUBTLEX-UK,dilemma,False,dilemma
dining,dining,dine,VERB,dining,dining,Noun,1,Step 1: SUBTLEX-UK,dining,False,dining
dirties,dirty,dirtie,NOUN,dirties,dirty,Verb,1,Step 1: SUBTLEX-UK,dirty,False,dirty
dirtying,dirty,dirtying,NOUN,dirtying,dirty,Verb,1,Step 1: SUBTLEX-UK,dirty,False,dirty
diseased,diseased,disease,VERB,diseased,diseased,Adjective,1,Step 1: SUBTLEX-UK,diseased,False,diseased
disgusting,disgust,disgusting,VERB,disgusting,disgust,Adjective,1,Step 1: SUBTLEX-UK,disgust,False,disgust
dished,dish,dished,ADJ,dished,dish,Verb,1,Step 1: SUBTLEX-UK,dish,False,dish
dismays,dismay,dismays,ADP,dismays,dismay,,1,Step 1: SUBTLEX-UK,dismay,False,dismay
distinguishes,distinguish,distinguishe,NOUN,distinguishes,distinguish,Verb,1,Step 1: SUBTLEX-UK,distinguish,False,distinguish
divorced,divorce,divorced,ADJ,divorced,divorce,Verb,1,Step 1: SUBTLEX-UK,divorce,False,divorce
documenting,document,documenting,NOUN,documenting,document,Verb,1,Step 1: SUBTLEX-UK,document,False,document
dodged,dodge,dodged,ADJ,dodged,dodge,Verb,1,Step 1: SUBTLEX-UK,dodge,False,dodge
downwards,downward,downwards,ADV,downwards,downward,Adverb,1,Step 1: SUBTLEX-UK,downward,False,downward
drank,drink,drank,VERB,drank,drink,Verb,1,Step 1: SUBTLEX-UK,drink,False,drink
dumbing,dumb,dumbe,VERB,dumbing,dumb,Verb,1,Step 1: SUBTLEX-UK,dumb,False,dumb
durst,dare,durst,NOUN,durst,dare,Verb,1,Step 1: SUBTLEX-UK,dare,False,dare
dwelling,dwelling,dwell,VERB,dwelling,dwelling,Noun,1,Step 1: SUBTLEX-UK,dwelling,False,dwelling
dwelt,dwell,dwelt,NOUN,dwelt,dwell,Verb,1,Step 1: SUBTLEX-UK,dwell,False,dwell
eaten,eat,eaten,VERB,eaten,eat,Verb,1,Step 1: SUBTLEX-UK,eat,False,eat
economics,economics,economic,NOUN,economics,economics,Noun,1,Step 1: SUBTLEX-UK,economics,False,economics
embargoed,embargo,embargoed,VERB,embargoed,embargo,,1,Step 1: SUBTLEX-UK,embargo,False,embargo
embryos,embryo,embryos,PROPN,embryos,embryo,Noun,1,Step 1: SUBTLEX-UK,embryo,False,embryo
endures,endure,endures,PROPN,endures,endure,Verb,1,Step 1: SUBTLEX-UK,endure,False,endure
everlasting,everlasting,everlaste,VERB,everlasting,everlasting,Adjective,1,Step 1: SUBTLEX-UK,everlasting,False,everlasting
exhausting,exhaust,exhausting,ADJ,exhausting,exhaust,Adjective,1,Step 1: SUBTLEX-UK,exhaust,False,exhaust
extras,extra,extras,PROPN,extras,extra,Noun,1,Step 1: SUBTLEX-UK,extra,False,extra
fallen,fall,fallen,VERB,fallen,fall,Verb,1,Step 1: SUBTLEX-UK,fall,False,fall
fathering,father,fathering,ADJ,fathering,father,Verb,1,Step 1: SUBTLEX-UK,father,False,father
fed,feed,fed,PROPN,fed,feed,Verb,1,Step 1: SUBTLEX-UK,feed,False,feed
fingering,finger,fingering,NOUN,fingering,finger,Verb,1,Step 1: SUBTLEX-UK,finger,False,finger
fishing,fishing,fish,VERB,fishing,fishing,Noun,1,Step 1: SUBTLEX-UK,fishing,False,fishing
fisted,fist,fiste,VERB,fisted,fist,Adjective,1,Step 1: SUBTLEX-UK,fist,False,fist
fisting,fist,fisting,PROPN,fisting,fist,Verb,1,Step 1: SUBTLEX-UK,fist,False,fist
flaming,flaming,flame,VERB,flaming,flaming,Adjective,1,Step 1: SUBTLEX-UK,flaming,False,flaming
foamed,foam,foamed,VERB,foamed,foam,Adjective,1,Step 1: SUBTLEX-UK,foam,False,foam
foci,focus,foci,PROPN,foci,focus,Noun,1,Step 1: SUBTLEX-UK,focus,False,focus
focussed,focus,focusse,VERB,focussed,focus,Adjective,1,Step 1: SUBTLEX-UK,focus,False,focus
focussing,focus,focusse,VERB,focussing,focus,,1,Step 1: SUBTLEX-UK,focus,False,focus
footing,footing,foot,VERB,footing,footing,Noun,1,Step 1: SUBTLEX-UK,footing,False,footing
forgave,forgive,forgave,VERB,forgave,forgive,Verb,1,Step 1: SUBTLEX-UK,forgive,False,forgive
forgot,forget,forgot,PROPN,forgot,forget,Verb,1,Step 1: SUBTLEX-UK,forget,False,forget
frenzied,frenzied,frenzy,VERB,frenzied,frenzied,Adjective,1,Step 1: SUBTLEX-UK,frenzied,False,frenzied
fried,fried,fry,VERB,fried,fried,Adjective,1,Step 1: SUBTLEX-UK,fried,False,fried
froze,freeze,froze,VERB,froze,freeze,Verb,1,Step 1: SUBTLEX-UK,freeze,False,freeze
frozen,freeze,frozen,ADJ,frozen,freeze,Adjective,1,Step 1: SUBTLEX-UK,freeze,False,freeze
fuelling,fuel,fuelling,NOUN,fuelling,fuel,Verb,1,Step 1: SUBTLEX-UK,fuel,False,fuel
gaited,gait,gaite,VERB,gaited,gait,Verb,1,Step 1: SUBTLEX-UK,gait,False,gait
galleys,galley,galleys,VERB,galleys,galley,Noun,1,Step 1: SUBTLEX-UK,galley,False,galley
gamed,game,gamed,PROPN,gamed,game,Verb,1,Step 1: SUBTLEX-UK,game,False,game
geese,goose,geese,PROPN,geese,goose,Noun,1,Step 1: SUBTLEX-UK,goose,False,goose
genera,genus,genera,NOUN,genera,genus,Noun,1,Step 1: SUBTLEX-UK,genus,False,genus
genii,genie,genii,NOUN,genii,genie,Noun,1,Step 1: SUBTLEX-UK,genie,False,genie
glacier,glacier,glaci,ADJ,glacier,glacier,Noun,1,Step 1: SUBTLEX-UK,glacier,False,glacier
glossies,glossy,glossie,VERB,glossies,glossy,Noun,1,Step 1: SUBTLEX-UK,glossy,False,glossy
grassed,grass,grassed,ADJ,grassed,grass,Verb,1,Step 1: SUBTLEX-UK,grass,False,grass
grated,grate,grated,ADJ,grated,grate,Verb,1,Step 1: SUBTLEX-UK,grate,False,grate
grown,grow,grown,NOUN,grown,grow,Verb,1,Step 1: SUBTLEX-UK,grow,False,grow
guested,guest,gueste,VERB,guested,guest,,1,Step 1: SUBTLEX-UK,guest,False,guest
guesting,guest,gueste,VERB,guesting,guest,Verb,1,Step 1: SUBTLEX-UK,guest,False,guest
gulfs,gulf,gulfs,NOUN,gulfs,gulf,Noun,1,Step 1: SUBTLEX-UK,gulf,False,gulf
gutted,gut,gutte,VERB,gutted,gut,Verb,1,Step 1: SUBTLEX-UK,gut,False,gut
gutting,gut,gutte,VERB,gutting,gut,Verb,1,Step 1: SUBTLEX-UK,gut,False,gut
gymnastics,gymnastics,gymnastic,NOUN,gymnastics,gymnastics,Noun,1,Step 1: SUBTLEX-UK,gymnastics,False,gymnastics
halfs,half,halfs,NOUN,halfs,half,,1,Step 1: SUBTLEX-UK,half,False,half
haloes,halo,haloe,VERB,haloes,halo,,1,Step 1: SUBTLEX-UK,halo,False,halo
hamming,ham,hamming,NOUN,hamming,ham,Verb,1,Step 1: SUBTLEX-UK,ham,False,ham
handicapped,handicap,handicapped,VERB,handicapped,handicap,Adjective,1,Step 1: SUBTLEX-UK,handicap,False,handicap
harvesting,harvest,harvesting,NOUN,harvesting,harvest,Verb,1,Step 1: SUBTLEX-UK,harvest,False,harvest
hast,have,hast,PROPN,hast,have,Verb,1,Step 1: SUBTLEX-UK,have,False,have
headquarters,headquarters,headquarter,NOUN,headquarters,headquarters,Noun,1,Step 1: SUBTLEX-UK,headquarters,False,headquarters
herring,herr,herre,VERB,herring,herr,Noun,1,Step 1: SUBTLEX-UK,herr,False,herr
hipped,hip,hippe,VERB,hipped,hip,Adjective,1,Step 1: SUBTLEX-UK,hip,False,hip
hipping,hip,hippe,VERB,hipping,hip,,1,Step 1: SUBTLEX-UK,hip,False,hip
hobbies,hobby,hobbie,VERB,hobbies,hobby,Noun,1,Step 1: SUBTLEX-UK,hobby,False,hobby
hoeing,hoe,hoeing,NOUN,hoeing,hoe,Verb,1,Step 1: SUBTLEX-UK,hoe,False,hoe
homeliest,homely,homeliest,VERB,,,Adjective,2,Step 2: SUBTLEX-US + NLTK,homely,False,homely
hoofs,hoof,hoofs,NOUN,hoofs,hoof,Noun,1,Step 1: SUBTLEX-UK,hoof,False,hoof
housekeeping,housekeeping,housekeep,VERB,housekeeping,housekeeping,Noun,1,Step 1: SUBTLEX-UK,housekeeping,False,housekeeping
hung,hang,hung,PROPN,hung,hang,Verb,1,Step 1: SUBTLEX-UK,hang,False,hang
identifies,identify,identifie,NOUN,identifies,identify,Verb,1,Step 1: SUBTLEX-UK,identify,False,identify
idler,idle,idler,ADV,,,Adjective,2,Step 2: SUBTLEX-US + NLTK,idle,False,idle
idlest,idle,idlest,NOUN,,,Adjective,2,Step 2: SUBTLEX-US + NLTK,idle,False,idle
imagines,imagine,imago,NOUN,imagines,imagine,Verb,1,Step 1: SUBTLEX-UK,imagine,False,imagine
innings,inning,innings,PROPN,innings,inning,Noun,1,Step 1: SUBTLEX-UK,inning,False,inning
inventoried,inventory,inventoried,ADJ,inventoried,inventory,Verb,1,Step 1: SUBTLEX-UK,inventory,False,inventory
jagged,jagged,jag,VERB,jagged,jagged,Adjective,1,Step 1: SUBTLEX-UK,jagged,False,jagged
jockeys,jockey,jockeys,PROPN,jockeys,jockey,Noun,1,Step 1: SUBTLEX-UK,jockey,False,jockey
juicing,juice,juicing,ADJ,juicing,juice,Verb,1,Step 1: SUBTLEX-UK,juice,False,juice
justifies,justify,justifie,NOUN,justifies,justify,Verb,1,Step 1: SUBTLEX-UK,justify,False,justify
killers,killer,killers,PROPN,killers,killer,Noun,1,Step 1: SUBTLEX-UK,killer,False,killer
kneeing,knee,kneee,VERB,kneeing,knee,Verb,1,Step 1: SUBTLEX-UK,knee,False,knee
knelt,kneel,knelt,VERB,knelt,kneel,Verb,1,Step 1: SUBTLEX-UK,kneel,False,kneel
knitting,knit,knitting,NOUN,knitting,knit,Noun,1,Step 1: SUBTLEX-UK,knit,False,knit
knocks,knock,knocks,PROPN,knocks,knock,Noun,1,Step 1: SUBTLEX-UK,knock,False,knock
lain,lie,lain,VERB,lain,lie,Verb,1,Step 1: SUBTLEX-UK,lie,False,lie
lamping,lamp,lampe,VERB,lamping,lamp,Verb,1,Step 1: SUBTLEX-UK,lamp,False,lamp
landing,landing,land,VERB,landing,landing,Noun,1,Step 1: SUBTLEX-UK,landing,False,landing
larvae,larva,larvae,PROPN,larvae,larva,Noun,1,Step 1: SUBTLEX-UK,larva,False,larva
lasting,lasting,last,VERB,lasting,lasting,Adjective,1,Step 1: SUBTLEX-UK,lasting,False,lasting
leafs,leaf,leafs,NOUN,leafs,leaf,Noun,1,Step 1: SUBTLEX-UK,leaf,False,leaf
leant,lean,leant,NOUN,leant,lean,Verb,1,Step 1: SUBTLEX-UK,lean,False,lean
leapt,leap,leapt,VERB,leapt,leap,Verb,1,Step 1: SUBTLEX-UK,leap,False,leap
legged,leg,legge,VERB,legged,leg,Adjective,1,Step 1: SUBTLEX-UK,leg,False,leg
legging,leg,legge,VERB,legging,leg,Verb,1,Step 1: SUBTLEX-UK,leg,False,leg
lens,lens,len,NOUN,lens,lens,Noun,1,Step 1: SUBTLEX-UK,lens,False,lens
lenses,lens,lense,NOUN,lenses,lens,Noun,1,Step 1: SUBTLEX-UK,lens,False,lens
lettering,lettering,letter,VERB,lettering,lettering,Noun,1,Step 1: SUBTLEX-UK,lettering,False,lettering
libraries,library,librarie,VERB,libraries,library,Noun,1,Step 1: SUBTLEX-UK,library,False,library
lice,louse,lice,NOUN,lice,louse,Noun,1,Step 1: SUBTLEX-UK,louse,False,louse
lighting,lighting,light,VERB,lighting,lighting,Noun,1,Step 1: SUBTLEX-UK,lighting,False,lighting
likenesses,likeness,likenesse,VERB,likenesses,likeness,Noun,1,Step 1: SUBTLEX-UK,likeness,False,likeness
limbed,limb,limbe,VERB,limbed,limb,,1,Step 1: SUBTLEX-UK,limb,False,limb
livered,liver,livere,VERB,livered,liver,,1,Step 1: SUBTLEX-UK,liver,False,liver
lives,life,live,VERB,lives,life,Noun,1,Step 1: SUBTLEX-UK,life,False,life
loafs,loaf,loafs,PROPN,loafs,loaf,Verb,1,Step 1: SUBTLEX-UK,loaf,False,loaf
looses,loose,loos,NOUN,looses,loose,Verb,1,Step 1: SUBTLEX-UK,loose,False,loose
lousier,lousy,lousier,PROPN,,,Adjective,2,Step 2: SUBTLEX-US + NLTK,lousy,False,lousy
lowing,low,lowing,PROPN,lowing,low,Verb,1,Step 1: SUBTLEX-UK,low,False,low
lucked,luck,lucke,VERB,lucked,luck,Verb,1,Step 1: SUBTLEX-UK,luck,False,luck
marches,march,marche,NOUN,marches,march,Noun,1,Step 1: SUBTLEX-UK,march,False,march
marries,marry,marrie,NOUN,marries,marry,Verb,1,Step 1: SUBTLEX-UK,marry,False,marry
masses,mass,masse,NOUN,masses,mass,Noun,1,Step 1: SUBTLEX-UK,mass,False,mass
mathematics,mathematics,mathematic,NOUN,mathematics,mathematics,Noun,1,Step 1: SUBTLEX-UK,mathematics,False,mathematics
maxima,maximum,maxima,PROPN,maxima,maximum,Noun,1,Step 1: SUBTLEX-UK,maximum,False,maximum
meaning,meaning,mean,VERB,meaning,meaning,Noun,1,Step 1: SUBTLEX-UK,meaning,False,meaning
meeting,meeting,meet,VERB,meeting,meeting,Noun,1,Step 1: SUBTLEX-UK,meeting,False,meeting
menus,menu,menus,PROPN,menus,menu,Noun,1,Step 1: SUBTLEX-UK,menu,False,menu
mini,minus,mini,X,mini,minus,Adjective,1,Step 1: SUBTLEX-UK,minus,False,minus
minima,minimum,minima,PROPN,minima,minimum,,1,Step 1: SUBTLEX-UK,minimum,False,minimum
minuted,minute,minuted,ADJ,minuted,minute,,1,Step 1: SUBTLEX-UK,minute,False,minute
mistresses,mistress,mistresse,VERB,mistresses,mistress,Noun,1,Step 1: SUBTLEX-UK,mistress,False,mistress
moderated,moderate,moderated,ADJ,moderated,moderate,Verb,1,Step 1: SUBTLEX-UK,moderate,False,moderate
modifies,modify,modifie,NOUN,modifies,modify,Verb,1,Step 1: SUBTLEX-UK,modify,False,modify
molten,molten,melt,VERB,molten,molten,Adjective,1,Step 1: SUBTLEX-UK,molten,False,molten
monies,money,monie,NOUN,monies,money,Noun,1,Step 1: SUBTLEX-UK,money,False,money
mown,mow,mown,VERB,mown,mow,Verb,1,Step 1: SUBTLEX-UK,mow,False,mow
muddies,muddy,muddie,NOUN,muddies,muddy,,1,Step 1: SUBTLEX-UK,muddy,False,muddy
muds,mud,muds,PROPN,muds,mud,Noun,1,Step 1: SUBTLEX-UK,mud,False,mud
mumbling,mumble,mumbling,ADJ,mumbling,mumble,Verb,1,Step 1: SUBTLEX-UK,mumble,False,mumble
nighted,night,nighte,VERB,nighted,night,,1,Step 1: SUBTLEX-UK,night,False,night
nodes,node,nod,VERB,nodes,node,Noun,1,Step 1: SUBTLEX-UK,node,False,node
nosing,nose,nosing,NOUN,nosing,nose,Verb,1,Step 1: SUBTLEX-UK,nose,False,nose
notifies,notify,notifie,NOUN,notifies,notify,Verb,1,Step 1: SUBTLEX-UK,notify,False,notify
nuclei,nucleus,nuclei,PROPN,nuclei,nucleus,Noun,1,Step 1: SUBTLEX-UK,nucleus,False,nucleus
numbs,numb,numbs,PROPN,numbs,numb,Verb,1,Step 1: SUBTLEX-UK,numb,False,numb
odds,odds,odd,NOUN,odds,odds,Noun,1,Step 1: SUBTLEX-UK,odds,False,odds
omen,omen,oman,NOUN,omen,omen,Noun,1,Step 1: SUBTLEX-UK,omen,False,omen
opening,opening,open,VERB,opening,opening,Noun,1,Step 1: SUBTLEX-UK,opening,False,opening
optics,optics,optic,NOUN,optics,optics,Noun,1,Step 1: SUBTLEX-UK,optics,False,optics
outing,outing,out,VERB,outing,outing,Noun,1,Step 1: SUBTLEX-UK,outing,False,outing
padding,padding,pad,VERB,padding,padding,Noun,1,Step 1: SUBTLEX-UK,padding,False,padding
painting,painting,paint,VERB,painting,painting,Noun,1,Step 1: SUBTLEX-UK,painting,False,painting
parentheses,parenthesis,parenthese,VERB,,,Noun,2,Step 2: SUBTLEX-US + NLTK,parenthesis,False,parenthesis
partied,party,partie,VERB,partied,party,Verb,1,Step 1: SUBTLEX-UK,party,False,party
parting,parting,part,VERB,parting,parting,Noun,1,Step 1: SUBTLEX-UK,parting,False,parting
partnering,partner,partnering,NOUN,partnering,partner,Verb,1,Step 1: SUBTLEX-UK,partner,False,partner
paved,pave,paved,VERB,paved,pave,Verb,1,Step 1: SUBTLEX-UK,pave,False,pave
peered,peer,peered,ADJ,peered,peer,Verb,1,Step 1: SUBTLEX-UK,peer,False,peer
perishes,perish,perishe,NOUN,perishes,perish,Verb,1,Step 1: SUBTLEX-UK,perish,False,perish
pettier,petty,pettier,PROPN,,,Adjective,2,Step 2: SUBTLEX-US + NLTK,petty,False,petty
photographed,photograph,photographed,VERB,photographed,photograph,Verb,1,Step 1: SUBTLEX-UK,photograph,False,photograph
picnicked,picnic,picnicked,ADJ,picnicked,picnic,,1,Step 1: SUBTLEX-UK,picnic,False,picnic
pilled,pill,pille,VERB,pilled,pill,Verb,1,Step 1: SUBTLEX-UK,pill,False,pill
pinches,pinch,pinche,NOUN,pinches,pinch,Verb,1,Step 1: SUBTLEX-UK,pinch,False,pinch
piped,pipe,piped,VERB,piped,pipe,Verb,1,Step 1: SUBTLEX-UK,pipe,False,pipe
plateaux,plateau,plateaux,PROPN,plateaux,plateau,,1,Step 1: SUBTLEX-UK,plateau,False,plateau
pleasing,please,pleasing,ADJ,pleasing,please,Adjective,1,Step 1: SUBTLEX-UK,please,False,please
plucking,pluck,plucking,ADJ,plucking,pluck,Verb,1,Step 1: SUBTLEX-UK,pluck,False,pluck
plumbing,plumbing,plumb,VERB,plumbing,plumbing,Noun,1,Step 1: SUBTLEX-UK,plumbing,False,plumbing
polished,polish,polished,ADJ,polished,polish,Verb,1,Step 1: SUBTLEX-UK,polish,False,polish
politics,politics,politic,NOUN,politics,politics,Noun,1,Step 1: SUBTLEX-UK,politics,False,politics
popped,pop,popped,VERB,popped,pop,Verb,1,Step 1: SUBTLEX-UK,pop,False,pop
porches,porch,porche,VERB,porches,porch,Noun,1,Step 1: SUBTLEX-UK,porch,False,porch
powdering,powder,powdering,NOUN,powdering,powder,Verb,1,Step 1: SUBTLEX-UK,powder,False,powder
preaches,preach,preache,NOUN,preaches,preach,Verb,1,Step 1: SUBTLEX-UK,preach,False,preach
precedented,precedent,precedente,VERB,precedented,precedent,,1,Step 1: SUBTLEX-UK,precedent,False,precedent
printing,printing,print,VERB,printing,printing,Noun,1,Step 1: SUBTLEX-UK,printing,False,printing
proceeds,proceeds,proceed,VERB,proceeds,proceeds,Noun,1,Step 1: SUBTLEX-UK,proceeds,False,proceeds
profiting,profit,profiting,ADJ,profiting,profit,Verb,1,Step 1: SUBTLEX-UK,profit,False,profit
promising,promising,promise,VERB,promising,promising,Adjective,1,Step 1: SUBTLEX-UK,promising,False,promising
propertied,property,propertie,VERB,propertied,property,Verb,1,Step 1: SUBTLEX-UK,property,False,property
publishes,publish,publishe,NOUN,publishes,publish,Verb,1,Step 1: SUBTLEX-UK,publish,False,publish
purifies,purify,purifie,NOUN,purifies,purify,Verb,1,Step 1: SUBTLEX-UK,purify,False,purify
quainter,quaint,quainter,NOUN,,,Adjective,2,Step 2: SUBTLEX-US + NLTK,quaint,False,quaint
queerer,queer,queerer,NOUN,,,Adjective,2,Step 2: SUBTLEX-US + NLTK,queer,False,queer
rabbis,rabbi,rabbis,PROPN,rabbis,rabbi,Noun,1,Step 1: SUBTLEX-UK,rabbi,False,rabbi
ragged,ragged,rag,VERB,ragged,ragged,Adjective,1,Step 1: SUBTLEX-UK,ragged,False,ragged
railing,railing,rail,VERB,railing,railing,Noun,1,Step 1: SUBTLEX-UK,railing,False,railing
rang,ring,rang,PROPN,rang,ring,Verb,1,Step 1: SUBTLEX-UK,ring,False,ring
rashes,rash,rashe,VERB,rashes,rash,Noun,1,Step 1: SUBTLEX-UK,rash,False,rash
readied,ready,readie,VERB,readied,ready,Verb,1,Step 1: SUBTLEX-UK,ready,False,ready
reasoning,reasoning,reason,VERB,reasoning,reasoning,Noun,1,Step 1: SUBTLEX-UK,reasoning,False,reasoning
reckoning,reckoning,reckon,VERB,reckoning,reckoning,Noun,1,Step 1: SUBTLEX-UK,reckoning,False,reckoning
recording,recording,record,VERB,recording,recording,Noun,1,Step 1: SUBTLEX-UK,recording,False,recording
refereed,referee,refereed,VERB,refereed,referee,Adjective,1,Step 1: SUBTLEX-UK,referee,False,referee
relaid,relay,relaid,PROPN,relaid,relay,,1,Step 1: SUBTLEX-UK,relay,False,relay
remedied,remedy,remedie,VERB,remedied,remedy,Verb,1,Step 1: SUBTLEX-UK,remedy,False,remedy
renowned,renown,renowned,ADJ,renowned,renown,Adjective,1,Step 1: SUBTLEX-UK,renown,False,renown
riches,riches,rich,NOUN,riches,riches,Noun,1,Step 1: SUBTLEX-UK,riches,False,riches
roughs,rough,roughs,PROPN,roughs,rough,Verb,1,Step 1: SUBTLEX-UK,rough,False,rough
ruling,ruling,rule,VERB,ruling,ruling,Noun,1,Step 1: SUBTLEX-UK,ruling,False,ruling
rung,ring,rung,PROPN,rung,ring,Verb,1,Step 1: SUBTLEX-UK,ring,False,ring
satisfied,satisfy,satisfied,ADJ,satisfied,satisfy,Adjective,1,Step 1: SUBTLEX-UK,satisfy,False,satisfy
satisfies,satisfy,satisfie,NOUN,satisfies,satisfy,Verb,1,Step 1: SUBTLEX-UK,satisfy,False,satisfy
scarves,scarf,scarve,VERB,scarves,scarf,Noun,1,Step 1: SUBTLEX-UK,scarf,False,scarf
schooling,schooling,school,VERB,schooling,schooling,Noun,1,Step 1: SUBTLEX-UK,schooling,False,schooling
scissors,scissors,scissor,NOUN,scissors,scissors,Noun,1,Step 1: SUBTLEX-UK,scissors,False,scissors
sera,serum,sera,NOUN,sera,serum,Unclassified,1,Step 1: SUBTLEX-UK,serum,False,serum
servicing,service,servicing,NOUN,servicing,service,Verb,1,Step 1: SUBTLEX-UK,service,False,service
shabbiest,shabby,shabbiest,PROPN,,,Adjective,2,Step 2: SUBTLEX-US + NLTK,shabby,False,shabby
sharps,sharp,sharps,PROPN,sharps,sharp,Name,1,Step 1: SUBTLEX-UK,sharp,False,sharp
shaving,shave,shaving,NOUN,shaving,shave,Verb,1,Step 1: SUBTLEX-UK,shave,False,shave
shearing,shear,shearing,PROPN,shearing,shear,Verb,1,Step 1: SUBTLEX-UK,shear,False,shear
shilling,shilling,shill,VERB,shilling,shilling,Noun,1,Step 1: SUBTLEX-UK,shilling,False,shilling
shone,shine,shone,VERB,shone,shine,Verb,1,Step 1: SUBTLEX-UK,shine,False,shine
shrunk,shrink,shrunk,NOUN,shrunk,shrink,Verb,1,Step 1: SUBTLEX-UK,shrink,False,shrink
simplifies,simplify,simplifie,NOUN,simplifies,simplify,Verb,1,Step 1: SUBTLEX-UK,simplify,False,simplify
singes,sing,singe,NOUN,,,Verb,2,Step 2: SUBTLEX-US + NLTK,sing,False,sing
singing,sing,singe,VERB,singing,sing,Verb,1,Step 1: SUBTLEX-UK,sing,False,sing
skilling,skill,skilling,NOUN,skilling,skill,Name,1,Step 1: SUBTLEX-UK,skill,False,skill
skulled,skull,skulle,VERB,skulled,skull,,1,Step 1: SUBTLEX-UK,skull,False,skull
slighting,slight,slighting,ADJ,slighting,slight,,1,Step 1: SUBTLEX-UK,slight,False,slight
slimmed,slim,slimme,VERB,slimmed,slim,Verb,1,Step 1: SUBTLEX-UK,slim,False,slim
slimming,slim,slimme,VERB,slimming,slim,Verb,1,Step 1: SUBTLEX-UK,slim,False,slim
sling,sling,sle,VERB,sling,sling,Noun,1,Step 1: SUBTLEX-UK,sling,False,sling
slips,slip,slips,PROPN,slips,slip,Verb,1,Step 1: SUBTLEX-UK,slip,False,slip
sloppiest,sloppy,sloppiest,ADV,,,Adjective,2,Step 2: SUBTLEX-US + NLTK,sloppy,False,sloppy
slotting,slot,slotting,NOUN,slotting,slot,,1,Step 1: SUBTLEX-UK,slot,False,slot
slung,sling,slung,PROPN,slung,sling,Verb,1,Step 1: SUBTLEX-UK,sling,False,sling
slyer,sly,slyer,PROPN,,,Adjective,2,Step 2: SUBTLEX-US + NLTK,sly,False,sly
snaking,snake,snaking,NOUN,snaking,snake,Verb,1,Step 1: SUBTLEX-UK,snake,False,snake
snouted,snout,snoute,VERB,snouted,snout,,1,Step 1: SUBTLEX-UK,snout,False,snout
sofas,sofa,sofas,NOUN,sofas,sofa,Noun,1,Step 1: SUBTLEX-UK,sofa,False,sofa
soles,sole,sol,NOUN,soles,sole,Noun,1,Step 1: SUBTLEX-UK,sole,False,sole
solos,solo,solos,PROPN,solos,solo,Noun,1,Step 1: SUBTLEX-UK,solo,False,solo
sourer,sour,sourer,NOUN,,,Adjective,2,Step 2: SUBTLEX-US + NLTK,sour,False,sour
spake,speak,spake,VERB,spake,speak,Verb,1,Step 1: SUBTLEX-UK,speak,False,speak
species,species,specie,NOUN,species,species,Noun,1,Step 1: SUBTLEX-UK,species,False,species
specifies,specify,specifie,NOUN,specifies,specify,Verb,1,Step 1: SUBTLEX-UK,specify,False,specify
specimen,specimen,speciman,NOUN,specimen,specimen,Noun,1,Step 1: SUBTLEX-UK,specimen,False,specimen
spectra,spectrum,spectra,PROPN,spectra,spectrum,Noun,1,Step 1: SUBTLEX-UK,spectrum,False,spectrum
spelling,spelling,spell,VERB,spelling,spelling,Noun,1,Step 1: SUBTLEX-UK,spelling,False,spelling
spelt,spell,spelt,VERB,spelt,spell,Verb,1,Step 1: SUBTLEX-UK,spell,False,spell
spilt,spill,spilt,NOUN,spilt,spill,Verb,1,Step 1: SUBTLEX-UK,spill,False,spill
spirited,spirited,spirit,VERB,spirited,spirited,Adjective,1,Step 1: SUBTLEX-UK,spirited,False,spirited
spited,spit,spite,VERB,,,Verb,2,Step 2: SUBTLEX-US + NLTK,spit,False,spit
sprang,spring,sprang,PROPN,sprang,spring,Verb,1,Step 1: SUBTLEX-UK,spring,False,spring
spun,spin,spun,PROPN,spun,spin,Verb,1,Step 1: SUBTLEX-UK,spin,False,spin
stabilities,stability,stabilitie,VERB,,,Noun,2,Step 2: SUBTLEX-US + NLTK,stability,False,stability
stamina,stamen,stamina,NOUN,stamina,stamen,Noun,1,Step 1: SUBTLEX-UK,stamen,False,stamen
stank,stink,stank,NOUN,stank,stink,Verb,1,Step 1: SUBTLEX-UK,stink,False,stink
stewarded,steward,stewarde,VERB,stewarded,steward,,1,Step 1: SUBTLEX-UK,steward,False,steward
stewarding,steward,stewarde,VERB,stewarding,steward,,1,Step 1: SUBTLEX-UK,steward,False,steward
stigmata,stigma,stigmata,NOUN,stigmata,stigma,Noun,1,Step 1: SUBTLEX-UK,stigma,False,stigma
stolen,steal,stolen,VERB,stolen,steal,Verb,1,Step 1: SUBTLEX-UK,steal,False,steal
stridden,stride,stridden,PROPN,,,Verb,2,Step 2: SUBTLEX-US + NLTK,stride,False,stride
striped,striped,stripe,VERB,striped,striped,Adjective,1,Step 1: SUBTLEX-UK,striped,False,striped
strode,stride,strode,PROPN,strode,stride,Verb,1,Step 1: SUBTLEX-UK,stride,False,stride
strove,strive,strove,VERB,strove,strive,Verb,1,Step 1: SUBTLEX-UK,strive,False,strive
stunk,stink,stunk,VERB,stunk,stink,Verb,1,Step 1: SUBTLEX-UK,stink,False,stink
styling,style,styling,NOUN,styling,style,Noun,1,Step 1: SUBTLEX-UK,style,False,style
sung,sing,sung,PROPN,sung,sing,Verb,1,Step 1: SUBTLEX-UK,sing,False,sing
sunk,sink,sunk,VERB,sunk,sink,Verb,1,Step 1: SUBTLEX-UK,sink,False,sink
sunken,sunken,sink,VERB,sunken,sunken,Adjective,1,Step 1: SUBTLEX-UK,sunken,False,sunken
surprised,surprise,surprised,ADJ,surprised,surprise,Adjective,1,Step 1: SUBTLEX-UK,surprise,False,surprise
swam,swim,swam,VERB,swam,swim,Verb,1,Step 1: SUBTLEX-UK,swim,False,swim
swimming,swimming,swim,VERB,swimming,swimming,Noun,1,Step 1: SUBTLEX-UK,swimming,False,swimming
swinging,swing,swinge,VERB,swinging,swing,Verb,1,Step 1: SUBTLEX-UK,swing,False,swing
swum,swim,swum,ADJ,swum,swim,Verb,1,Step 1: SUBTLEX-UK,swim,False,swim
swung,swing,swung,PROPN,swung,swing,Verb,1,Step 1: SUBTLEX-UK,swing,False,swing
taming,tame,taming,NOUN,taming,tame,Verb,1,Step 1: SUBTLEX-UK,tame,False,tame
taxes,tax,taxis,NOUN,taxes,tax,Noun,1,Step 1: SUBTLEX-UK,tax,False,tax
taxis,taxi,taxis,NOUN,taxis,taxi,Noun,1,Step 1: SUBTLEX-UK,taxi,False,taxi
teed,tee,teed,VERB,teed,tee,Verb,1,Step 1: SUBTLEX-UK,tee,False,tee
teens,teens,teen,NOUN,teens,teens,Noun,1,Step 1: SUBTLEX-UK,teens,False,teens
tempting,tempting,tempt,VERB,tempting,tempting,Adjective,1,Step 1: SUBTLEX-UK,tempting,False,tempting
tensioning,tension,tensione,VERB,tensioning,tension,,1,Step 1: SUBTLEX-UK,tension,False,tension
texting,text,texte,VERB,texting,text,Verb,1,Step 1: SUBTLEX-UK,text,False,text
theses,thesis,these,VERB,theses,thesis,Noun,1,Step 1: SUBTLEX-UK,thesis,False,thesis
thuds,thud,thuds,VERB,thuds,thud,Verb,1,Step 1: SUBTLEX-UK,thud,False,thud
tieing,tie,tieing,NOUN,tieing,tie,Verb,1,Step 1: SUBTLEX-UK,tie,False,tie
timbered,timber,timbere,VERB,timbered,timber,Verb,1,Step 1: SUBTLEX-UK,timber,False,timber
tobaccos,tobacco,tobaccos,PROPN,tobaccos,tobacco,Noun,1,Step 1: SUBTLEX-UK,tobacco,False,tobacco
toileted,toilet,toilete,VERB,toileted,toilet,,1,Step 1: SUBTLEX-UK,toilet,False,toilet
tokens,token,tokens,PROPN,tokens,token,Noun,1,Step 1: SUBTLEX-UK,token,False,token
tomatoes,tomato,tomatoe,VERB,tomatoes,tomato,Noun,1,Step 1: SUBTLEX-UK,tomato,False,tomato
tonguing,tongue,tonguing,NOUN,tonguing,tongue,Verb,1,Step 1: SUBTLEX-UK,tongue,False,tongue
toped,top,tope,VERB,toped,top,,1,Step 1: SUBTLEX-UK,top,False,top
torn,tear,torn,VERB,torn,tear,Verb,1,Step 1: SUBTLEX-UK,tear,False,tear
training,training,train,VERB,training,training,Noun,1,Step 1: SUBTLEX-UK,training,False,training
transfered,transfer,transfered,ADJ,transfered,transfer,,1,Step 1: SUBTLEX-UK,transfer,False,transfer
trod,tread,trod,PROPN,trod,tread,Verb,1,Step 1: SUBTLEX-UK,tread,False,tread
troughs,trough,troughs,PROPN,troughs,trough,Noun,1,Step 1: SUBTLEX-UK,trough,False,trough
trunked,trunk,trunke,VERB,trunked,trunk,Verb,1,Step 1: SUBTLEX-UK,trunk,False,trunk
tubing,tubing,tube,VERB,tubing,tubing,Noun,1,Step 1: SUBTLEX-UK,tubing,False,tubing
tunneling,tunnel,tunneling,NOUN,tunneling,tunnel,Verb,1,Step 1: SUBTLEX-UK,tunnel,False,tunnel
tunnelling,tunnel,tunnelling,NOUN,tunnelling,tunnel,Verb,1,Step 1: SUBTLEX-UK,tunnel,False,tunnel
twos,two,twos,VERB,twos,two,Number,1,Step 1: SUBTLEX-UK,two,False,two
umpired,umpire,umpired,VERB,umpired,umpire,,1,Step 1: SUBTLEX-UK,umpire,False,umpire
vanishes,vanish,vanishe,NOUN,vanishes,vanish,Verb,1,Step 1: SUBTLEX-UK,vanish,False,vanish
vastest,vast,vastest,NOUN,,,Adjective,2,Step 2: SUBTLEX-US + NLTK,vast,False,vast
verifies,verify,verifie,NOUN,verifies,verify,Verb,1,Step 1: SUBTLEX-UK,verify,False,verify
verifying,verify,verifying,NOUN,verifying,verify,Verb,1,Step 1: SUBTLEX-UK,verify,False,verify
wages,wages,wage,NOUN,wages,wages,Noun,1,Step 1: SUBTLEX-UK,wages,False,wages
warning,warning,warn,VERB,warning,warning,Noun,1,Step 1: SUBTLEX-UK,warning,False,warning
weariest,weary,weariest,NOUN,,,Adjective,2,Step 2: SUBTLEX-US + NLTK,weary,False,weary
webs,web,webs,PROPN,webs,web,Noun,1,Step 1: SUBTLEX-UK,web,False,web
whereabouts,whereabouts,whereabout,NOUN,whereabouts,whereabouts,Noun,1,Step 1: SUBTLEX-UK,whereabouts,False,whereabouts
whimpering,whimper,whimpering,NOUN,whimpering,whimper,Verb,1,Step 1: SUBTLEX-UK,whimper,False,whimper
wiring,wiring,wire,VERB,wiring,wiring,Noun,1,Step 1: SUBTLEX-UK,wiring,False,wiring
withstood,withstand,withstood,NOUN,withstood,withstand,Verb,1,Step 1: SUBTLEX-UK,withstand,False,withstand
witted,wit,witte,VERB,witted,wit,,1,Step 1: SUBTLEX-UK,wit,False,wit
witting,wit,witte,VERB,witting,wit,,1,Step 1: SUBTLEX-UK,wit,False,wit
wolfs,wolf,wolfs,PROPN,wolfs,wolf,Noun,1,Step 1: SUBTLEX-UK,wolf,False,wolf
wonted,wont,wonte,VERB,wonted,wont,Adjective,1,Step 1: SUBTLEX-UK,wont,False,wont
worming,worm,worming,ADJ,worming,worm,Verb,1,Step 1: SUBTLEX-UK,worm,False,worm
worried,worry,worried,ADJ,worried,worry,Adjective,1,Step 1: SUBTLEX-UK,worry,False,worry
wove,weave,wove,NOUN,wove,weave,Verb,1,Step 1: SUBTLEX-UK,weave,False,weave
wretched,wretch,wretche,VERB,wretched,wretch,Adjective,1,Step 1: SUBTLEX-UK,wretch,False,wretch
wring,wring,wre,VERB,wring,wring,Verb,1,Step 1: SUBTLEX-UK,wring,False,wring
wringing,wring,wringing,NOUN,wringing,wring,Verb,1,Step 1: SUBTLEX-UK,wring,False,wring
wristed,wrist,wriste,VERB,wristed,wrist,,1,Step 1: SUBTLEX-UK,wrist,False,wrist
wrought,work,wrought,PROPN,wrought,work,Verb,1,Step 1: SUBTLEX-UK,work,False,work
zipped,zip,zipped,VERB,zipped,zip,Verb,1,Step 1: SUBTLEX-UK,zip,False,zip
zipping,zip,zipping,NOUN,zipping,zip,Verb,1,Step 1: SUBTLEX-UK,zip,False,zip
