embedding_dimension,PC1_n8,PC2_n8,PC3_n8,PC4_n8,PC5_n8,PC6_n8,PC7_n8,PC8_n8
W2V_001,0.004592826859657576,0.08473847142950104,0.12041319353166957,0.0600006690192327,0.030738767558441946,-0.04873182557967128,-0.05925553743943218,0.02870450338398044
W2V_002,-0.008546813508355157,0.04891227613951987,-0.03198963132072985,-0.014148268424832022,0.0789927802662367,-0.09983956742079961,0.05536405888203512,0.04069474840562497
W2V_003,-0.031118304339018743,-0.003828271377933068,0.05929321765882595,-0.007419057251163895,-0.03505437603446842,0.0191202310824872,-0.039542327540114,-0.06201509589365343
W2V_004,0.06481685253702575,-0.03479501110962846,0.08285429551959522,0.06151112605852077,0.009014690717065205,-0.014717596233812275,0.112587509901933,0.06661533194988985
W2V_005,0.01678509861614308,-0.026353561669614722,0.04479329048414582,-0.1340458269547402,0.1278099955848158,0.04683097855001582,0.01663580152313529,0.12570745103356387
W2V_006,0.025623561699704756,-0.03641415966752881,0.07898409781754395,0.11866602970921825,-0.11148534682878142,-0.021353872454800582,0.13075704110929706,-0.02621231727884603
W2V_007,-0.0071603595476231185,0.008757541058301675,0.047555864500200856,0.1314316179347011,-0.0595839177934846,0.08668119865128224,0.03891182869970859,-0.007592241321111092
W2V_008,-0.02566291341883009,0.006616538184320453,0.023788173522489044,0.016750235699306143,-0.09339194563120079,-0.011936520482763571,0.022529999116700478,-0.07501634211220808
W2V_009,-0.09484456905701755,-0.005985948156773932,-0.00027367161709246357,-0.02114715449362975,-0.06836430990465386,-0.020251488906739445,-0.0823250286920878,-0.059225636762641615
W2V_010,0.07551318236141236,0.13907150838615073,-0.0330561354606575,0.014972619453644254,0.03655655177880227,-0.08164391821481948,0.037850204624103045,0.009014081628272386
W2V_011,0.023891919486981772,-0.010409232653532805,0.06633612610358096,-0.17322032702472634,0.03060391775943025,-0.02433803803304252,-0.022413728797212762,0.01312933494924031
W2V_012,-0.058854994351307754,-0.027112294174880956,-0.03002194706172645,0.01690977833514054,0.06634697418145996,0.03127858303098252,-0.018335829477058585,0.07098796931389881
W2V_013,0.002685994709771245,0.012976542534040944,-0.06117909259459212,0.01966159782628095,0.011801880384753993,0.025793182062202644,-0.027126787970822686,0.07856178946076481
W2V_014,-0.05473541878095063,0.03973565857000211,0.07693834404180633,0.029174812025684192,-0.013437436051738472,-0.00986445703959854,0.016404147108372402,-0.06940757874348236
W2V_015,-0.024439534019148935,-0.006816704987526829,-0.025253653982444453,-0.008481534910045874,0.10419264533981282,0.02985742314386819,-0.06413893303768592,0.010207138671913996
W2V_016,-0.04943861287127198,-0.02477926334339896,0.09370070095680096,0.07563976846355462,-0.07929495607125775,0.06807372307193393,0.061316953887445264,0.035594521466066786
W2V_017,-0.08765134706276127,0.0733483315516328,0.048198688348209624,0.019677452968087608,-0.024116716173320257,0.042651359381848775,-0.017474969567795873,0.08081532778188821
W2V_018,0.025179271204722378,0.06045754695919038,0.01608945628893281,0.10045759190799126,0.042884842558252964,0.007283343050113716,0.025122048091336557,0.005222576113547463
W2V_019,-0.006309123016530883,0.01480414015187849,0.023005462994093513,0.007906819647647924,0.026618885346036528,-0.01719191376073992,-0.056851615436016356,0.12439480959370261
W2V_020,-0.025693782855079738,0.010167598477305103,-0.03148775189829279,-0.1122464289020049,0.06649003603185,0.00482456678973197,0.07219242420665642,-0.05820597848334885
W2V_021,0.0344186898557801,-0.008660011755712778,0.06020893512158513,-0.06477924385565975,-0.14956015094245426,0.006064580128154626,-0.06043947176256892,-0.010336712405718984
W2V_022,-0.039258823279298825,0.1413720086685915,-0.043978601660876165,-0.010092274206318136,0.051862297238632796,0.10746785083557149,-0.0319474020990238,0.10219296298771668
W2V_023,0.06071695825308143,0.033860651820216005,0.13515200666665858,-0.04490239237091633,-0.1414850101004411,-0.05164904706290028,0.0406994151471865,0.10460513122746332
W2V_024,-0.051462266504422455,-0.0378219190308422,-0.07236499973738962,0.06891206847205107,-0.051203803149399006,0.05317562561169405,0.008769749246893832,7.192399044628206e-05
W2V_025,-0.06731846727524118,0.05589130213962796,0.018277115798535498,-0.047908951269865926,-0.016601238359916642,-0.048924868853076384,0.026306842502986337,0.043479600467423184
W2V_026,-0.028803114598172717,-0.02751589217094418,0.003990560599165345,0.017534659286252734,-0.03257980431069112,-0.04442996588061729,0.08339862566763417,0.10512935633501486
W2V_027,-0.014807274040139397,0.031186510996205348,0.03084825919996116,0.03169732399098956,-0.021580180335451428,-0.0366802696074494,0.03100654514830588,-0.014814934340538188
W2V_028,0.05653817878519434,0.028777046525791404,-0.06350381575517143,0.034890745191368304,0.015237243978335386,0.03429848082478829,0.028598659513927975,-0.005075213699158224
W2V_029,0.013771405904892356,0.06885678535879458,0.035639150648981224,-0.014488679437239667,-0.05040264893109991,-0.10378657564290673,-0.10234372877473548,0.01445993339261575
W2V_030,-0.12539210242500523,0.05285902904476465,-0.016971035569270123,0.05534920966085872,-0.09425387099877135,0.012719682249894466,0.05181525966640483,0.0821083189689275
W2V_031,-0.10247843955222635,0.009901811328162986,0.04353866814242974,-0.0672544521842318,0.01176996127746975,0.020711894839832847,0.017636281612404082,-0.040328603602105065
W2V_032,0.0865721279853855,0.07837597762021599,-0.015841430805219738,0.027324551693243857,-0.008446188693814173,0.028989408744887327,0.006011338513405791,0.131702578600884
W2V_033,0.054207049211525825,0.009229792302243437,-0.08058873595305925,0.04024330954333422,-0.024424459498248365,-0.007221783482638438,-0.016576576263542125,0.11613348937148806
W2V_034,-0.010825089161823226,-0.04615598946990722,0.10694443481279305,0.06288249542563454,0.07062701598285684,0.09595710079052407,0.04240423579584359,-0.02682875918080806
W2V_035,-0.07726573644769555,0.009955483490843069,0.02618784467014663,-0.008328533926130628,0.024122501101233953,0.16143742629841684,-0.03951807559819614,0.047418983853158694
W2V_036,-0.05030506433211511,-0.02912237420610035,0.025632011753697986,0.05631791222049477,-0.068998381514927,-0.04407911588650298,0.03311040023092003,0.09373286390477678
W2V_037,0.04607654427834346,0.04891035078698649,0.10544569315352136,-0.011857853804087727,-0.07290254790661448,0.076270916454044,-0.00821632460896985,-0.0476208024702879
W2V_038,0.009912352637652931,-0.01345347054332642,-0.0015275482137437901,0.04581525244593915,-0.14133002657409632,0.08705980872291086,-0.13391528423865437,0.009754555128183672
W2V_039,-0.046557201381077044,-0.03472528713924325,0.023771109541634423,0.09947204390861052,0.023824465011792424,-0.09264928599133446,0.055488858329855416,0.07355959149195553
W2V_040,0.02311402640586456,0.07527695849543051,0.022877016803477715,-0.045006317427618625,-0.015836448780341232,-0.1086524820792073,0.0849533568336228,0.0487389435242037
W2V_041,-0.0478143507458463,0.014518138687649467,0.009318549653152135,0.14434104249059468,0.0037971968569372825,-0.09544078106700779,0.0840485550391456,0.08307771391205365
W2V_042,-0.02943084195436695,-0.15535169765231274,0.023122156402246803,0.03247674508717527,0.04337293100273389,0.0618481406725434,-0.04512620669783836,-0.11935146485933391
W2V_043,0.04267115931247084,0.10221887436017049,-0.004390193569032265,-0.03513042730161433,-0.07490698088532892,-0.061793098860457925,-0.031853553227240816,0.034892056914361126
W2V_044,-0.0005754756412842119,-0.12227844991781812,0.01629646411425813,0.0653721226615504,0.10092374764760814,0.04150684043802998,-0.0025407466654516183,0.09045954876484276
W2V_045,0.07942165524135764,0.05008434236735367,0.024800214052953472,0.040079989533210986,0.09932529303605042,0.04526441567949695,-0.04314097089227583,-0.021121647899482947
W2V_046,-0.013918749034363392,0.10214033540113772,0.0478096072148684,0.010062176323625441,-0.03730305227188488,0.025263434924795547,-0.1626067972362241,0.034375235466641216
W2V_047,0.0024653521732172896,-0.07893701562899003,-0.022632533518016865,0.0403242785815684,-0.02253332749296742,-0.09237725066822397,-0.053786204973147456,0.09092438112960993
W2V_048,0.02300412590051915,-0.036595947792203896,0.013718445601328148,6.24709063120998e-05,0.021993411248256566,-0.021976390777673552,0.047865902213563814,0.030585861760905934
W2V_049,0.053949184699461375,0.1319662150412524,-0.1616120537873653,0.0704147932003014,0.052532863973344016,0.03508553090925518,-0.028162246859436975,0.0929865659675071
W2V_050,0.030675477762917278,0.04440053286684877,0.020945573987374046,-0.05119455672160333,-0.0392045727664893,0.014081347732743539,-0.01726483780370085,0.07590496064722095
W2V_051,-0.04124229798836965,-0.10173951893381224,-0.05512096700500084,-0.0912825844456521,0.06574373410892184,-0.1086853536281442,0.010999669647487997,0.02077320293617709
W2V_052,0.009524834654527688,0.09575515859491486,0.039614564734936845,0.03217858011523605,0.0037554631126464444,-0.05351913786331475,0.019051428480729004,0.14510435441758546
W2V_053,0.05582690067075796,0.055507489656598866,0.0009099648274020324,-0.14343296913442685,0.024923466820697376,0.016235173991142885,0.01211618344997955,-0.012732312917268397
W2V_054,-0.018114942732809294,0.02364746975789053,0.08171941763950716,-0.04226493691788635,0.042709579917154426,-0.07645049091313336,-0.04015746249826854,0.07815821477529312
W2V_055,0.05395893141826297,0.03616154664235085,-0.010768879518311259,0.09606011236929618,-0.005642175429000107,0.02510681870076952,-0.1050802789405139,-0.0014766519944893986
W2V_056,-0.07447740179587703,0.0362148188396762,-0.04726914068024662,0.1076171719331685,0.014450544328080009,0.041383083215919485,-0.03183488148593894,-0.044910528485386486
W2V_057,0.07960577917579624,0.05681230422028625,-0.08004263771850507,0.010366957100621714,-0.006665424389604015,0.0635726557703626,-0.025296678579012365,0.10366216376421417
W2V_058,0.05324957350368421,-0.06450310160416246,-0.0024588771724591584,-0.15531906110404775,-0.059469165545820594,0.026253806203636827,-0.05345256742528149,0.008304854715125645
W2V_059,-0.06860500432552509,0.02657389551485385,-0.07349597368112805,0.03902523215969315,-0.0376835688268913,0.0005621426602355948,0.03239716169085441,-0.029423127443055922
W2V_060,0.026440856681591032,0.04782129143122497,-0.06210983002745459,0.028844165517813103,-0.027325667049272546,0.03232018514968216,-0.020977155040010166,-0.0806576964816935
W2V_061,-0.030598357055672303,-0.010015412180960453,0.08998225521947428,0.039300610638902535,0.027505630432420665,0.024088194784651417,0.053916553760146375,-0.04352402145705059
W2V_062,-0.054082250781255906,0.05853635373931036,0.06358293555461843,-0.0034683967562633778,-0.0343662042288691,-0.035661538176683646,0.06061664266309526,-0.03511065519088055
W2V_063,0.010807393737500212,0.037730682935649296,0.0641366406223733,0.03070522034039813,-0.007369560303236429,-0.04164006022818403,-0.06270081146040377,-0.08831584778688994
W2V_064,0.027089608323485524,-0.06795088483714055,0.06253383745986894,-0.026774019244085682,-0.14374287186901794,-0.012812594188536424,0.06801761115025093,-0.030062821136059407
W2V_065,0.008535909062659932,0.03012083724415251,-0.012630067635141323,0.018702158361924733,-0.006028105004532899,0.014066630568153174,0.020326987430281263,0.01941140865003547
W2V_066,-0.02165593218847282,-0.009904140918692416,-0.001042956891385598,0.018691860583242695,0.0026453360599791582,0.08280248024383441,-0.07878077951247509,0.008714873292141408
W2V_067,-0.024739176310716756,0.015002405536789297,0.009272903745960686,-0.02522922144289318,-0.01737602823130093,-0.1302493893239193,-0.0768727557904892,0.01082593178876226
W2V_068,-0.10080867575079107,-0.09440682443262476,0.03906199023850704,0.08853694577522976,0.006951195972365982,-0.05323187948062641,-0.08573834340951468,-0.0406144620853009
W2V_069,0.040368562303281084,-0.07896763588423637,-0.007709679438765409,-0.0429397072434704,0.012917748437040057,0.12716251825347427,0.040175173936193735,0.0750775582871756
W2V_070,0.058584679466880535,0.033178097347526726,-0.022704173729073424,0.006062926476761035,-0.03519506333105343,0.08596305500682523,-0.05579893359652945,0.13703999688901666
W2V_071,0.11046029418426714,0.052454498872571115,0.006340292575773575,-0.00094027012012984,-0.040030657460888006,0.10391361551661397,0.1391097439594186,0.019154173639680448
W2V_072,0.01529804586340154,0.052525311795357764,0.05108221428225657,-0.024418132775219478,-0.039441805287444565,0.047126923881641455,0.043709965896139936,-0.05587108821581015
W2V_073,-0.07570964278996248,-0.027017016264135833,-0.11416898804456665,0.012464481473858924,0.005373912090316984,0.02495041698963445,0.0037563198336539143,-0.03355136121805345
W2V_074,-0.09455720538994436,0.039643360856233816,0.09359088844632439,-0.014768537010941678,-0.026193451803317933,-0.0005136793766288594,0.0897875469254984,0.03145162987227623
W2V_075,-0.07350144525570328,-0.07964050761353589,0.05818610985826686,0.033008600975261905,0.05016144211086001,0.010063223028416954,0.04951711224435489,0.07927814132105318
W2V_076,0.06542263039031883,0.013061249680210885,0.04923123754765111,-0.07556604686866358,-0.008163932788170254,0.03892739287005887,0.02124966286675068,0.02175589554407323
W2V_077,-0.05224291804288311,-0.001081967992990715,-0.07598000598581374,0.03012371387358766,-0.046886563285503106,0.015501534514355817,-0.08875364716088453,-0.07119674340006242
W2V_078,-0.13755400069460758,0.023538772814977252,0.009443818434767324,0.14756440422313602,-0.10023791397106635,0.07785198149279303,0.039082854289745644,0.013607165081662974
W2V_079,0.001950963550534561,0.007528286669036237,0.09438596749631614,0.034056881923239656,-0.10535280647021326,0.05136146482432473,-0.04625808757405142,-0.014222901140229994
W2V_080,-0.13712053994642237,0.053283713043545566,0.04040520736115614,0.1415321622552342,0.023016108425675627,-0.009078669250850045,0.056014431342295834,-0.07915572482694459
W2V_081,0.006692548304739239,0.004481434301852891,-0.05455982299024198,-0.028436916804741585,0.022874095081297757,0.028789204921999857,-0.11145327769798347,-0.04196362417273462
W2V_082,-0.0021852294904175762,0.0036473957456598953,0.10758127563204528,0.06756171230496863,-0.031032030354291962,-0.044156498069611826,-0.11900017474898343,-0.024979346743884617
W2V_083,-0.0076268137009882385,-0.0016760546638227517,-0.014354239054332425,0.01933690563330437,-0.009992526750504398,0.022803229194719398,-0.009143138477205484,-0.03637380428238643
W2V_084,-0.08848429023510389,-0.07484682497082429,-0.012568696562453732,-0.07327134826770162,-0.04903427319781692,0.044307357220596165,0.09602751923234643,-0.014331977695663434
W2V_085,-0.05054618903779205,0.02539655074561768,-0.1348624050569221,-0.017571889159432877,0.0024458273295731234,0.000997715850031594,-0.05768836997302567,0.03797704749030716
W2V_086,0.1064176030955372,0.05193526338195046,-0.013033896906790878,-0.030401607410737223,0.05181563140132834,-0.07258231292207008,-0.016981194179636953,-0.017259059466809105
W2V_087,0.0498615864287323,0.030312550463078368,-0.04806053511234646,-0.008859061033769867,-0.05671867343188402,0.02352153470644593,-0.0005197065879014607,-0.07397871984860085
W2V_088,0.008040831833021985,-0.030541963024394974,-0.03992308412911335,0.07741837508150738,-0.14127313898743538,-0.0076680952489268425,0.10682010031961289,0.048261018666779815
W2V_089,0.08066228795818521,-0.04244361208642376,0.06618518556510065,-0.03601546625385324,-0.02793788080146382,0.06198912136827866,-0.02468343612876435,0.04880327272222365
W2V_090,-0.014713968669480834,0.02007363581727117,-0.045390647231173406,0.041949624520671656,0.0774776414380858,0.01816060687431067,0.01538995350685439,0.004095593879201603
W2V_091,-0.17005498493770302,-0.027208412202722788,0.003964929825734798,-0.04426894726926201,0.005460136163223814,-0.00554254099996493,0.034842485479974705,-0.008328534398324327
W2V_092,0.06638494304595,0.12020669076109425,-0.06968625942744174,-0.05701871739726903,-0.1136277366748251,-0.05262732758107724,-0.0018998284307968252,0.05979602841863993
W2V_093,-0.06835521192891757,0.03720619067619876,-0.11362363395877802,-0.060031337026119104,-0.0268631550638211,0.00876775370908906,0.05148046953109203,-0.10370256955975952
W2V_094,0.03524330260516535,0.09375378489991285,-0.09625432814597329,0.06932706003908536,0.060611776573283496,0.005613360275359634,-0.12563574132722016,-0.09287378851197796
W2V_095,-0.06186516101954479,-0.06306876684576428,0.012344405567147944,0.013798452894270856,0.006120555784036703,0.02973481790628476,-0.01510752481730945,-0.0008446242758488363
W2V_096,0.025009893443433472,-0.00037628152182977623,0.05854198925864645,0.04729347870546935,0.0484816977728787,-0.0808509652154522,-0.0370804376224844,-0.05435129409326959
W2V_097,0.02412089670703408,0.06589976114706829,0.04708330737984374,0.016973953852645492,-0.022194911450661093,-0.04999622025341082,0.0052761870338049,-0.047244338683113694
W2V_098,-0.14023675516560372,0.12931976356789926,0.03475067079572476,-0.01691586769565756,-0.01629233363773484,0.03259233084298983,0.0859559937708301,0.06003325194465264
W2V_099,0.0708035358917147,-0.140509200470846,0.0009274538690623818,-0.02206746185107321,-0.049617582196784527,-0.06647674734689854,0.04383150549911864,-0.055235310836192736
W2V_100,-0.08362137706320716,-0.010733952987941999,-0.13320085842930665,0.0388299975427382,-0.09071113377849226,-0.045136177117766206,0.015835289951275686,-0.028404486238177543
W2V_101,-0.014160225302652594,-0.08773728473106547,-0.03564322468905093,-0.023861880181407755,0.0325390961347641,-0.05609603356920999,-0.0616442015835999,-0.01007900035882656
W2V_102,-0.027834486949751016,-0.003242561900177869,0.06926050788870981,0.048996120641681684,0.08838712060850017,-0.0599918228908438,0.049603427729763165,0.05467413278188052
W2V_103,0.054098697405688095,0.053132847676517526,0.02638624812780171,-0.02759101472920382,-0.014514564495732267,-0.050195847127110726,0.01144047716672899,-0.0006148888155204115
W2V_104,-0.06431590811022982,-0.05162480296506822,0.05287257160087126,-0.07095562085584518,0.02777286008566749,0.020362622341478277,0.07817941876927277,0.03719908368178392
W2V_105,-0.02510941638903867,0.00031939019131516414,0.06729881910101732,-0.10177464264750663,-0.05205630954409823,-0.02532024042733617,-0.10715266598550771,-0.044411504205468286
W2V_106,0.0267949695018779,0.013394028598570612,0.02290307196501058,-0.0037737229442441214,0.01722103473057487,0.06066112837420787,-0.09809550914475702,-0.04366318806553914
W2V_107,0.11917796267176768,0.08517304175869461,-0.03990887191918218,-0.03892343383157755,-0.028186284933887643,0.09966065740647136,0.02315165504803614,0.03088818106454614
W2V_108,0.10528374191816964,-0.013450358413818482,0.02215184910802315,0.059616374895409725,0.03284407727423419,0.003714499567698924,-0.011535718863457299,-0.03657745610505906
W2V_109,-0.04567799885384881,-0.007815686752283878,0.06247832366984908,0.018510693427046164,-0.09649540838305497,0.003785293520297102,-0.08582661505280482,0.010696392287372647
W2V_110,-0.018551790180198327,-0.04455828693867922,0.02491000737785786,-0.04430474523137137,0.011826529006213069,0.024713759992945686,-0.0841558403038087,0.012186677650741589
W2V_111,-0.043870118867155874,0.05324146840157843,-0.06974279203563533,-0.0719673604701544,0.02116606717547586,0.008010718466993572,-0.006322379883973561,0.10135790508570158
W2V_112,-0.01814811691500334,0.014776434570228064,0.11557266744832846,-0.008651184640689242,0.17574470361646516,0.004966001101459593,-0.0043003668616858,0.04766652129939833
W2V_113,0.10686684063201916,0.08322314187556615,0.011677437196396348,0.000997008117308147,0.029684355391108915,-0.049920953775716856,-0.05308548835031807,-0.05148492496984756
W2V_114,0.006963815727542109,-0.014915934851745657,0.07152005032997438,0.03735387812486911,-0.03503821696009947,0.011347076370896797,0.01111248288518616,0.03954660237566394
W2V_115,-0.012199281367932024,-0.00456239541377852,-0.0028842135084726837,0.11149951555937272,0.10664730110486721,0.0016323180043779765,0.035011456011396824,0.054843553007168
W2V_116,-0.032218491884209235,-0.08302444222007802,-0.09086686769140973,0.03493901790706941,0.026780207457413215,0.02399446451571582,0.00461458590264966,-0.01752363995034978
W2V_117,-0.03355526059106979,-0.020335627631427534,0.025062556911373775,-0.08342736173466384,-0.03038334719406323,-0.05140961755871269,0.039129550078786254,0.043134018506642016
W2V_118,-0.042598152895373595,0.022239557699131482,-0.10625434866942789,0.018278389228912097,-0.008102922997046092,-0.04310123395157574,-0.0726513538191411,-0.015770907957888096
W2V_119,-0.15721243871167861,-0.02143097704303707,0.041377497780064616,0.015140578281096575,0.07139942945897922,0.1412092574282012,0.009459096320293615,-0.08293234835334877
W2V_120,-0.0412735950450572,0.032926230604212264,0.02996846140363451,-0.02485258093566936,-0.012691780047564131,-0.08656483768045398,0.01642808299195162,-0.06896593479797843
W2V_121,-0.009704816903430688,-0.00031666790867024346,-0.05611162228217925,-0.0466209373875606,0.06625363253036036,0.08884672129076808,0.08039487333116672,-0.03791308235549255
W2V_122,-0.045638943126610036,0.006519714397834006,0.05607944146907642,-0.03659307228049008,-0.07493426013595703,-0.0296453466399794,0.0008072197652568855,-0.015393676565005246
W2V_123,-0.008007814864800344,0.009754308139669371,-0.0159055071135884,0.053882852843367024,0.1006081425963433,0.06915158537051654,-0.012128009161071715,0.06840914608684025
W2V_124,-0.07236376854970343,-0.07435873779674185,-0.04974157348299684,0.0035188106595953356,-0.015474832585454786,0.06078742219669197,-0.034802991040693364,0.06808262992918887
W2V_125,0.06435832384606797,-0.020897636951847338,-0.11130872169905132,-0.04449298371151403,0.006790158846309114,0.0962597021522258,-0.02757230317324839,-0.007619293097090873
W2V_126,0.02816549491403841,-0.0028427824057950662,-0.012193523801236065,0.0193479104858203,0.08522334413185488,0.05486357552507651,0.015835317029733034,-0.026453569860239497
W2V_127,-0.03182041828589333,0.019908033388328798,-0.006658085815866244,-0.03172125910418934,-0.034716840449169575,0.0019123863407241907,0.030726788197389235,0.008403022840061657
W2V_128,0.05957826788060338,-0.03675079930251761,0.01988897416624896,0.12063815803993107,0.027245321815989165,-0.0017564492813682052,0.01173384615124452,0.04503994836638132
W2V_129,0.06178821246352164,0.017150127019045832,-0.03912426943336845,-0.004089830264707876,-0.07091479006548784,0.010644184356787913,0.036056038554908916,-0.07482630444598397
W2V_130,0.033332429800329015,-0.0869666414637479,-0.046929204000997815,0.00316996508163311,0.0813166904738111,0.07263836073071898,-0.05288250201671255,0.021664051646178194
W2V_131,-0.09374927125000844,-0.06579335001166321,-0.1220611240154168,-0.03726283360670854,0.05408980862173105,-0.07981530271154803,-0.02629860970629389,-0.07711985147546108
W2V_132,0.0929971479106133,0.038706557012440024,-0.09704124966720681,0.05120630790727215,0.03583889664972626,-0.045665805331368464,0.014317353546326773,-0.05005749463963964
W2V_133,-0.014909845969276957,0.036996629813677,-0.022741861637840314,-0.0559606372215217,0.15039096421770354,-0.04737522466277771,0.08468606004204296,0.032952994569613606
W2V_134,0.03746614011506987,0.08871299620018692,0.004902120653603592,0.06741990205307144,0.03606419174431234,0.012334305875463695,0.08465162633103107,-0.045752617877501456
W2V_135,0.02809225244656205,-0.06787718670128119,-0.0022986124755924827,0.09526529144563015,0.0014549983902276027,0.02314499126552366,-0.06623864544275489,-0.027119540090321987
W2V_136,0.16372660241759923,0.038866954149810624,-0.001538071242797108,-0.0071322889947246755,0.022298051182775187,0.06263930513000351,0.07031316108475594,0.014606686467126416
W2V_137,-0.006005801405265558,-0.008779947900982084,-0.0502144762091688,0.0536097395224084,-0.05512812619040254,-0.07145214621939013,-0.04446554126955013,0.03569405670657583
W2V_138,-0.07795289019348195,0.07900848887312355,0.07725601287748998,0.023514602689563888,-0.0648450422854788,0.08169669074341684,0.028509943830892316,0.042003526994780695
W2V_139,0.09283145083867875,-0.07423945072348276,0.06514126643926485,0.0761060312845471,-0.011772220722773912,0.053332414779789394,0.0935627170254714,-0.08699092730680119
W2V_140,0.07582553138848637,-0.054917541402361054,-0.0026671196454766846,-0.06302692523726221,-0.032060487265220275,0.01465748182141658,-0.1112962565712523,0.07632029037467378
W2V_141,0.04803537341708413,0.007614134755690683,0.01833937322180878,0.13271663519306803,-0.0787946342508774,0.042342678355345886,-0.003436302896467072,-0.05438340544902748
W2V_142,-0.02547411960241585,0.01703438745110362,0.030220328519156753,-0.04279349081432999,0.036007161256983576,0.07165319439785485,-0.05344082026956087,-0.11607732898318365
W2V_143,0.0009970284566325359,-0.01631763796708276,0.004805273884007178,-0.08668222077818612,0.01420635714410133,-0.08415216922480027,0.009438064160307926,0.10688568770665857
W2V_144,-0.012570951350470223,-0.08097724222095139,-0.02420409630467501,0.0982791751909736,0.10360193758982374,-0.13547241031245233,-0.08830084923853093,-0.02491188939123788
W2V_145,0.05113677436885572,0.028090820819306212,-0.014232678062506764,0.0007910962612847857,0.06265216102205329,-0.04220298598407845,0.05520291776756082,0.01936911019879645
W2V_146,0.0613655053909519,0.12980166655898212,-0.02802867505729065,-0.07368820641808535,0.055597911798263164,0.15380050851039906,-0.04960311984624436,-0.06300299300270916
W2V_147,0.04820502110435605,-0.09339501379957879,0.016148491915843374,0.024664748865275678,0.07149120568302794,0.04014337285420153,0.013484668149332472,0.08554920285311964
W2V_148,0.07224016953867411,-0.08996388159204005,0.08148529265494653,0.07341322519956585,0.03133549514910372,-0.05173465509620049,-0.020204230526890916,0.031512267457916084
W2V_149,-0.08890944273715792,0.059198816498336373,0.01922685502792329,0.042706684743030236,-0.0738842732152081,0.08594411212732203,-0.024303823089591167,0.03236781419006161
W2V_150,-0.015655823757185185,-0.07546236439251937,-0.02829537688813391,0.0491156096785982,-0.002237502605883053,0.04218502838883669,-0.02872965333491721,0.009280439420093425
W2V_151,0.028188953243602776,-0.020429572761739654,0.07734945611334977,-0.042971042259989704,-0.08462015396466256,-0.05230882417139132,-0.010050154723424366,-0.08196708153770414
W2V_152,-0.09125612573204503,0.031049512209990266,0.13247769719168354,-0.04246339877134257,0.0257243052361472,0.1519700243081881,0.0024649100900701153,0.09004902253950067
W2V_153,-0.016413806599945287,0.007248533705801037,0.002183371436802789,0.002294719414634318,0.016704206518081702,0.011548740298854816,-0.0570002104332506,-0.011864943792107426
W2V_154,0.08381915970765773,0.016017514561457256,-0.017616423448432835,0.03358682718046432,-0.012440149721740703,-0.02521621030589031,-0.04797765291192679,0.06540322749074326
W2V_155,-0.02404495668064549,-0.04286815520060023,0.007203549687177871,-0.03511472162806919,-0.06240396124440541,0.03157963413992928,-0.0461190014051004,-0.06188381983351749
W2V_156,-0.032333802402171,0.07612134742196282,-0.075635282504932,-0.07855900270552672,0.002969204168948687,-0.02533564598349966,-0.05130071209974319,-0.03175256011871009
W2V_157,-0.06084427032045977,-0.0320736364346711,0.03232491550633621,-0.026046823041540133,0.09346537553891003,-0.10201639392181976,-0.007653407575626824,0.09471875256858481
W2V_158,-0.01464051452600186,-0.02838857181433622,-0.008128345845752583,0.0010828770428119056,0.01249106392166352,0.08527220512579296,-0.0044686669598501105,-0.07113081319976312
W2V_159,-0.013464663081530428,0.035111138566209815,0.06364003770276158,-0.03926743621886533,0.043544290177703414,-0.030689156782210455,-0.15964179807119325,-0.042078946265049204
W2V_160,0.02939229103491551,0.0257366729623213,-0.1561176107151107,-0.01136707349117629,-0.06518910671461615,0.04115386213672032,0.018435122134351806,-0.1188133637488054
W2V_161,-0.027654088349619115,-0.014859805698196716,-0.00012387659159004955,0.05150552060400297,-0.01868369319061847,-0.004714495840736492,0.025477927890139803,-0.08465027909419207
W2V_162,-0.016550542421193762,-0.03527254393226042,0.03812658516353422,-0.006019381044354193,-0.03965152297601785,-0.006837264654733702,-0.03571829398515625,0.04691235974787745
W2V_163,0.0249528600099641,0.050237548488928675,0.05011909608825932,-0.10173020697498616,-0.008915100448630892,0.08964980532777425,-0.05796219157953238,0.10990715647390327
W2V_164,0.06887312528655036,-0.10499368163564911,0.06130100745445468,-0.013308454143294991,0.03556486673340017,0.10666192830456447,0.08125844133726913,0.04658369419359177
W2V_165,0.024733549112854063,0.01077324448674887,-0.012120733662057114,0.022189271602254146,0.03855345945510782,0.0024552190875106,0.09835171865884344,0.055884963072721706
W2V_166,-0.019423303572104644,-0.11623389251109999,-0.03173059588010325,-0.000187871383207206,0.05207237831487517,0.011084635299105165,0.03372337112728734,-0.019928616826054287
W2V_167,0.019682712266858964,0.05357958026248244,0.02467722182443952,-0.014560919966267228,0.053791539811069815,-0.0015312382801548692,-0.004518670727195567,-0.03428561531112519
W2V_168,0.014985501024748106,-0.050077593842979974,0.009093493235701345,0.0017607270734499654,-0.011447102427348957,-0.037777766127323406,0.019172388931545988,0.00662453654706099
W2V_169,-0.08488751049189247,0.0206747211146221,-0.01623478214773383,-0.07276077520664893,-0.07570276220995312,-0.10311780286839671,-0.00830849586384969,-0.030014054198042414
W2V_170,0.05045650966620958,-0.0006509113854554702,0.10638098610281647,0.07892507608335093,0.039966455120057025,-0.02838324891712114,-0.01931371464442732,-0.011727002959076194
W2V_171,-0.0036760045636728368,-0.03054312667585576,0.12185865271423936,0.04502699627902249,-0.07384366275870648,0.0331763511611715,-0.10477189719198036,-0.008209112763227151
W2V_172,0.07978569751502392,0.01153098715026398,0.045966706180666235,-0.023704785763631636,0.06175704018661993,-0.06033337702822053,0.05024206343327584,-0.04823772639369073
W2V_173,-0.06998302517470785,0.014524161218157236,0.059159892699427716,-0.03520112188697994,0.04285658188005404,0.07870622748548095,0.056450069609570705,0.024744835254217768
W2V_174,0.11022627987447951,0.04246900217982317,-0.08791750129594472,0.055348341161976004,-0.04336143228033885,-0.039130213706387106,0.023038691969788184,-0.057132967740480586
W2V_175,-0.12978792753389312,-0.05590778798531673,0.021067716629994307,0.06538529754016757,0.12144377346941226,-0.02822322299562108,-0.08138563316671422,-0.07102957827826813
W2V_176,-0.023636850404952895,0.06420805667133019,-0.021476489070819716,0.05199620491815743,0.08770530776383303,0.08557336122839396,0.06459560858314126,0.006186079637490252
W2V_177,-0.02356546660262654,-0.05592244334010911,-0.02618727403483544,-0.06914447585720573,-0.1664393348700611,0.05320321956790611,0.07300962970650812,0.021848018375151934
W2V_178,-0.01938302536641241,0.03296295773909328,0.07127174655632276,-0.10458433134795987,-0.0030343513290299958,-0.048829873256723194,0.01782686073483039,0.017341392848013212
W2V_179,-0.004113021044153359,0.07254092712674595,0.06357389011151743,0.030888137835731494,0.02491682876450578,0.005659902027510187,0.027859974273456,-0.011343347979095298
W2V_180,0.005242519905717918,0.040614265254308446,-0.11941044726264727,-0.07451510825860179,-0.04478076104800384,-0.002568016997898252,0.10139396612102569,0.04902813921270113
W2V_181,-0.03188776379769224,0.08032531286657364,0.02500987415770639,0.012174738892233064,-0.10166769538582143,0.01838503844169428,0.056718695649220906,-0.04406229018356882
W2V_182,-0.018937493791366927,0.021686875971073424,-0.011942420645761826,-0.038751205603562225,0.002110965270349897,0.048407850335420416,-0.09849933904194824,-0.08557392223412814
W2V_183,-0.02666119756843515,0.0805484382703589,-0.01297929797916594,0.037904052524097565,-0.04956387520172807,-0.0054838926505530235,-0.021702679608936504,0.06483342721745765
W2V_184,0.002538873436669269,0.029569121666101265,-0.07156331016434886,-0.006852550883709358,-0.06787933941763079,0.002769300573630403,0.03127683005156504,0.02588035133893842
W2V_185,0.028135011052771858,-0.10765803944636493,0.027714878193917145,-0.09980470392851308,-0.055976486531596294,0.029810875031739747,-0.06738567744220546,-0.04512912215272813
W2V_186,-0.005091102606949308,0.003876478061363258,0.0526495384587495,0.08714025697975286,-0.050554905260974205,-0.07023315584120358,-0.07846451944880899,-0.061168739400571145
W2V_187,0.07391132844862243,-0.03551618300702396,-0.007382643142317305,-0.06706268573385368,0.056873764350736426,-0.013418388202637905,-0.08126961721930599,0.07973991281492462
W2V_188,-0.04336538668148844,-0.04884768275316371,-0.023792120461451426,-0.1171122074462375,-0.06752574425897141,-0.09106086983132207,0.017302778633313094,0.018817028398790334
W2V_189,0.03408957278015448,-0.07637850848100777,0.008458677003431132,-0.03585355533891722,-0.013156131996465436,-0.046444312746814716,-0.09053079120028434,0.061920725466524724
W2V_190,0.0616857952973895,-0.06519025996804033,0.009744386303787187,-0.01578633597405246,-0.04621953019205509,-0.05687842401063714,0.023560985833302038,-0.1111184691232073
W2V_191,-0.028713144169617826,0.14568674906042328,-0.0430693218543699,0.011145168585883568,0.00945446459215786,0.0062492858871450035,-0.09264154318964321,-0.017274079167901638
W2V_192,-0.028400108459906405,-0.023402039192615225,0.0815220764204345,0.03013839101233731,-0.01969457513972305,0.03524245889076253,0.025108692669449015,0.01400216063064216
W2V_193,-0.08279635473191553,0.1183194484847946,0.01383140728207622,0.04981538598714479,0.06894345058761314,-0.008197229001771852,0.04058430910665855,-0.028008922149048286
W2V_194,0.006738445355333272,0.027879762364263726,0.07501888597465252,-0.11310972261941654,-0.042270035510699376,-0.048971454096993536,0.0026378450490125256,-0.006314111496737996
W2V_195,0.09601902426556515,0.002570959340862778,0.03529822336295754,-0.005676479966527684,-0.09336267681079333,0.04912748669911503,0.02932174882192572,-0.037973295292727687
W2V_196,0.059690243909446536,0.14405962036159828,-0.04594290338602351,-0.04565605899758412,0.02006111260842472,-0.030979407525532444,0.03582270345679082,-0.062477791891865725
W2V_197,-0.02819279409421851,-0.04447238147119901,-0.003111105285567314,-0.10157169283836968,0.004604184119806882,0.049831887403073406,0.015122560286325802,0.005409627484212278
W2V_198,-0.05092990957570428,0.05334155387874294,0.08904407003522213,-0.03856191251169787,0.10408009990039845,-0.03753685789758929,-0.03907034395350148,0.09519036701300736
W2V_199,-0.06867605895779562,-0.017630907159038655,-0.06651398318950316,-0.0417077483226343,0.07419590625832286,0.005269186760545704,-0.0438796536530484,-0.13050310066799964
W2V_200,0.05051646369105239,0.1357701917382096,0.08712101245003509,0.017843350849521204,0.020126347215031894,-0.01301073934564055,-0.03477643369696786,-0.08908174633163854
W2V_201,0.03096799457639367,-0.015117863103641552,-0.0831568961717386,0.03887000913972794,0.11826377768376216,-0.13148574918990502,0.020686699208436913,-0.10384173535062693
W2V_202,-0.08629078516715533,0.0013910342952599944,-0.005544209760991663,0.027897960018898844,0.022140898354776978,-0.03763972640227359,0.007333648936836643,0.02524262654028754
W2V_203,-0.10691990286586688,-0.036681348504046,0.012723606687960421,-0.05802132448271161,0.02485468485295213,-0.04093057674791631,0.04656412278990324,0.03414710920028954
W2V_204,0.030877795914947638,-0.06803743551444966,-0.08251372829293237,0.06026516497198599,-0.10241808590577857,0.05678944553245244,-0.044318690900385475,0.04215873070744964
W2V_205,0.037475390507816154,0.13889170412708013,-0.025352776747021948,-0.00953297247360768,-0.018957440119897608,-0.055124159892241016,-0.15561487166760524,0.04979814416250588
W2V_206,-0.0021480921819289913,-0.01763963263863373,-0.018903471133964265,0.020664437108526806,0.054588302064687795,-0.036554390164628484,0.09723831343460418,-0.0661442686830333
W2V_207,0.04252624588327576,-0.0060642195917444885,0.01830260996580536,-0.07128383587492194,0.08243069391334838,-0.021248569000287813,-0.01962543977837975,-0.11159969135302211
W2V_208,-0.007906685580852038,0.06958968463429048,0.08171229557785113,-0.03020313276997027,-0.05350183404385003,0.05220795592860782,0.030132695111694602,-0.102484913676054
W2V_209,-0.03607524511146043,-0.03002773990244801,-0.08051251351718075,-0.10608433545970518,-0.036625235455404616,0.008092289741517366,-0.05055785175909836,0.027413010174125018
W2V_210,0.03671256702667052,-0.030227203543808805,-0.010982633824987032,0.008932215192827818,0.07125408632635225,0.06097045378583548,-0.06688658273660154,0.10707983822100713
W2V_211,-0.13806595594853793,-0.023150970414368574,-0.04947268413470077,-0.0700304736140702,-0.0661122252647165,0.06520585663182571,0.004551218835451721,-0.016390236541546463
W2V_212,-0.059041277659979303,0.040263337055796766,-0.03022719174158259,0.026188841858920495,-0.03708788660539763,0.005846222922600894,0.017918456883575597,0.06652552893195461
W2V_213,-0.1278314377108143,0.0709108404970241,0.09694113191061766,-0.02702778442442796,-0.012743294574675334,-0.0592073379282717,0.01839189207037137,-0.02485140354547214
W2V_214,-0.01962285609961578,-0.0870197018278962,-0.13871487691643888,-0.008852614613959309,-0.008580563680264705,-0.04654111645385431,0.0559396880769032,0.09855320141268115
W2V_215,0.08113557066190254,0.00689356780259283,-0.07332414160885845,-0.06038017137181462,-0.0030761445138545126,0.08961986040664535,0.13470918659442327,-0.06038872570591052
W2V_216,0.057065023311344464,-0.07474637421063353,0.0349517407139247,-0.09356817740779118,0.0016582765395622993,0.022259828607244663,0.10390746798930145,-0.004367492866374597
W2V_217,-0.11946337207384691,-0.022629167410073717,-0.07797894005386932,0.03905694200836731,0.004351724927923466,0.040229387193916326,0.05097534472372455,0.02219380989022985
W2V_218,0.05656232236638893,-0.048906638602332984,0.017533405613438878,0.02534108665259192,-0.004555589376889932,0.07884613203147815,-0.023374734048772054,0.005419765849931107
W2V_219,0.06743897564741377,-0.06979138747790321,0.0033705198380494556,-0.0020708645351978296,0.02939384198252242,-0.023304769260987825,0.1109160454573598,-0.007972311905338184
W2V_220,0.03756042446024503,-0.0769522802781449,-0.03080047207038781,0.05355469635806498,0.012857667526509072,-0.045117653945323084,0.03909645548099579,0.030187307111045326
W2V_221,0.004073959603263636,-0.04003982995933343,0.02376838484213951,0.007089477624447387,0.060379305863794454,-0.03181071899934956,0.010151567725020114,0.007539375833307668
W2V_222,0.020353103080232582,0.05140006861023424,0.010490707321153082,0.05005322562210338,0.03863688609928271,0.006430387010551372,0.019947574364905123,0.016400468199640753
W2V_223,0.03604081669380757,0.01891813419691893,0.0727470249205165,-0.089572865038113,-0.036614529627136634,-0.05292720191666493,-0.0949164041520693,-0.02103301817668612
W2V_224,0.012012185830550866,-0.012670430407712421,0.010508199529710702,0.032820394766727885,0.011484393771786108,0.012243817236583387,0.04676070175046531,-0.016891168446265672
W2V_225,-0.04712146112792055,0.0770074777525327,0.05472533901927436,-0.0725348190844575,-0.05270543371917827,0.0049658969375934265,0.09497649715988754,-0.048244832371494704
W2V_226,0.05124070917702566,0.028377026075290124,-0.03835592980928237,0.08213410572163113,-0.00027846628326736437,0.051761938789859914,0.03617336725579159,0.006206684035762258
W2V_227,-0.01718358726630868,0.012312534791381193,0.09522446523523657,0.05664164839460576,-0.06807019001067036,-0.0658284316405323,-0.04598169080884125,0.0044420791928648186
W2V_228,0.0306597111422413,-0.05422471534388243,0.04506785756693512,-0.10378549183787927,-0.018165134966778854,-0.0019044745931493853,-0.07949104588390973,-0.14411989340373085
W2V_229,0.013749328265381555,-0.026248429937883726,-0.02437333241297918,0.02113344245217436,-0.07255899324753523,-0.06618297686507658,-0.10777419236447874,0.06659642856184345
W2V_230,-0.014727533545797391,-0.07054939111481814,0.029954103867551856,0.11805925280588501,-0.005335433057728033,-0.12923350553239224,0.023149739355258415,0.06300598075272887
W2V_231,0.010577402879898768,0.026660656828850472,0.020345903054558672,-0.03826955614594163,-0.062020331950170114,-0.039053277575286115,0.003601676765500281,-0.05037171374672284
W2V_232,-0.02200222513880034,-0.028032543944760478,-0.061572422817904086,0.06291608511511607,-0.043167204061673806,-0.030832968127299357,-0.013349824544296535,0.05370219212839093
W2V_233,-0.08230506748801784,0.02676108972295968,-0.09801453714328892,0.07530969679105962,0.005358902687420913,-0.10036742733869053,0.06849698487579543,-0.0035549274452867613
W2V_234,-0.007856625824577001,0.08606868308637616,0.008816214263936924,0.03625359707829316,0.08767046335241897,-0.028969895547295312,0.07014540897232109,-0.04185159902104805
W2V_235,-0.05283622706295298,0.087790866377138,0.16013373610953277,0.05637957115926113,0.06189370277017252,0.05586215004240154,-0.030727001131816808,-0.010909928709047681
W2V_236,-0.0381015558583405,0.08119924635484134,-0.059687526180363944,0.016000722197725845,0.03123745158991198,0.00496765111970553,-0.09378099768885592,0.023084817508280477
W2V_237,-0.035249129759196356,-0.0445548669793595,0.07213987516864526,-0.07090293365818301,-0.048212445902748716,0.038448498407412095,0.11573047902229858,-0.12069770030877773
W2V_238,0.0939910457710854,-0.04501479365499492,0.06662020176642316,0.028978994311116325,-0.03237350269352107,0.039194448007812396,-0.05448855126166776,-0.06486652121387228
W2V_239,0.043954895309825985,-0.018610468730766133,-0.004779592262009191,0.022039103822928015,0.027137104807125546,-0.04257617278381004,-0.040650430045860574,-0.028662279976852178
W2V_240,0.0025034318562711863,0.04994802799519891,-0.04182502644265834,0.012022613700980195,0.0033533772695630644,0.026872354818274654,0.013206853158911099,0.0028313895610719226
W2V_241,0.1359778760758776,0.02447552205075065,-0.014782183578777926,0.008292430045316263,-0.0172158262083047,-0.02773801571700601,0.019650609616106127,0.024621230506123283
W2V_242,-0.05095696706582834,0.09084736137241725,-0.14870665387976398,-0.009947919896428351,-0.04764538081235047,0.01951816656757816,-0.0015510651496108635,0.017857065446462872
W2V_243,-0.0016920629969508954,-0.06210442626114391,-0.0058347120480431065,0.021532642833169965,-0.014361288551117376,0.00464589096679717,0.04154855038203568,0.03360554534215943
W2V_244,-0.009383899000097477,-0.0388065013414889,0.10962086089451414,0.033449511638048914,0.05009336487583017,0.026392300190268426,0.11873586949085536,-0.06977002858669702
W2V_245,0.010116170033410001,0.02252748341649199,-0.04249436985786084,0.05168675597761105,-0.008781181646273114,0.001969983601477352,-0.016293448008177246,-0.026710533073760492
W2V_246,-0.044167724684462444,0.03154002269242964,0.10774389075508034,0.005782777102775993,-0.003969402448331009,0.044415040175758744,-0.010197978559352196,-0.0018466792980617601
W2V_247,0.004907637462192991,0.09080543499225613,0.04923170233427535,-0.04696026351840825,0.045590952861179014,-0.03343673433303245,0.01222364857411528,0.021324255638853207
W2V_248,0.013622197061635635,-0.08736771836735754,-0.04532409419122454,0.08571167069867874,-0.006762393917465426,0.032812699326217123,0.018021271406349765,-0.06126525918235641
W2V_249,-0.05954405028521916,0.03640740262884436,-0.026747974349755593,-0.03915223209152743,-0.04252490464655759,0.04912033865441283,-0.03778186317722252,0.004151205779275356
W2V_250,0.03807843372341987,0.026990294918693772,0.06829910314341668,0.032592887910275925,0.007962439494667078,-0.1038741288617022,0.004518651428364373,-0.045802248917354405
W2V_251,-0.02533703178537417,0.02254079971404656,0.02086633420718223,0.02366953976096257,0.00023722032009545742,-0.04953598701640386,-0.08952035563015502,-0.03256773171185986
W2V_252,-0.07555478404012496,0.0004908046303413954,0.08710304438476686,0.00011678337390304286,0.0621991457907923,0.09212749055641482,0.007624098802408909,0.00653940063379819
W2V_253,0.0689059140319621,0.13613466293362625,0.0021966674766884632,0.005020027694501636,0.042908331325713076,0.023730841995363093,0.1029545061012933,-0.01991464994244553
W2V_254,0.04887128993142303,0.10239899495144401,0.039855744027040875,0.027428218249830487,0.10012963210450783,-0.024344267990085565,0.0005289512867014827,-0.026531535389870773
W2V_255,-0.008629031401062503,0.022606764875713236,-0.04762279648617968,-0.005892015416828185,-0.021575994482304805,-0.013021043503884862,0.0015944182292732118,-0.038159519603245845
W2V_256,-0.10958148012642874,0.008509183485062511,-0.013967106841194564,-0.10975790331695962,-0.017469660763868033,0.07978669656630395,0.04928394552822426,0.08580840137439637
W2V_257,-0.07784021329351302,-0.07487706000150399,0.004616675310558153,-0.07471723468292182,0.0042520704683730185,-0.09513879375228407,-0.11578587224947891,0.11422280703185242
W2V_258,-0.06145901607110707,-0.011481647752725551,-0.014118493121198934,0.02029974859500716,-0.09678098820884719,0.02171568871753766,-0.03543191480035938,0.07098753753522509
W2V_259,-0.011878041073711706,-0.038874968773015585,-0.006165448873946514,0.042951925695274985,-0.10610861728163247,-0.010498956398901986,-0.031411749787134104,-0.11473322852236954
W2V_260,-0.03400255701573872,-0.04395342782987654,-0.039387041709383376,0.007322448271660357,0.09026982139145265,-0.006115034555785224,0.02502296951046431,0.00945472161913248
W2V_261,0.039523016517594926,-0.08079579586937724,-0.07237339975237961,0.08240264774167318,-0.01736765545844864,-0.0005138759815111076,0.0012784530571232867,0.05723855027472975
W2V_262,0.004582854848665774,0.1166542434196655,-0.029955731641954243,-0.014979425976823875,-0.054263223850017056,0.03426193629745174,0.037574516596315485,0.06163699709425339
W2V_263,-0.1052373215168167,0.01466376136833359,0.0402681645689774,-0.06716624017269249,0.13385734668706317,-0.057590028669549855,-0.06209628134691099,-0.028729639372392663
W2V_264,-0.05959026520651956,0.04334681689302978,0.051775718767347045,-0.033235487843244614,0.03982069404414969,-0.19819821724554265,0.025888926020773216,0.05596036994534602
W2V_265,-0.0682808679464313,-0.01900654616044123,-0.08953873897250604,-0.025643754730468708,0.04151556935688261,0.023599423073247115,0.05601027128261804,-0.02015062938928596
W2V_266,-0.014932127832181476,-0.006324094288590657,0.05005658198825713,0.020230947073757895,0.04553205963414643,0.032572502252827915,-0.11313727197009499,-0.007545840348249546
W2V_267,-0.04153012997273178,0.016215953977956176,-0.03226522211265474,0.02450269592362937,0.06730325200478748,0.0988726300239548,-0.12027925433990248,-0.009805255820954841
W2V_268,-0.018748477249362412,0.06399722795779185,0.06976796004818896,-0.12243321965102026,-0.027137089246789068,0.01866477559518823,0.051017058751876364,0.02697897149260728
W2V_269,0.02158992224900151,0.10351551135873595,-0.05997620691732681,-0.03133015581027665,0.015599309651004267,-0.08594378525050304,0.07254047962917165,-0.05557490952551829
W2V_270,0.018569841028792458,0.024722686568456515,0.00657399382305083,-0.08530712526586377,0.07452971510939699,0.030143107973083852,-0.05146941463968371,-0.0036221926086150457
W2V_271,-0.06056715553766512,-0.01551974820435348,-0.014063698571222095,-0.05267948943487001,-0.025956225347344573,0.06471613100094706,0.04906675581891471,-0.00015429693085147004
W2V_272,0.013311277778586804,0.045959691433057996,0.0051123038392830574,0.05808310630458186,-0.07699108944428348,-0.07895953778123581,0.017764790335516027,0.06065793278465875
W2V_273,-0.009789059975872044,0.034687137063028256,0.0005479686442900221,0.023946403749820527,-0.11799490852893589,-0.06243640591876027,0.054903389864468785,0.05621867597941568
W2V_274,0.09971839501318562,-0.07289103639278861,0.08916537957617846,-0.00702508772896621,-0.012530722143568103,0.05434752633068971,-0.016019515610884993,-0.021989847886360332
W2V_275,0.06882403186817151,0.02246192081816701,-0.001901750310129498,-0.052324220080501686,0.06462651387599669,0.12236205077217291,-0.01295558667099115,-0.04429036350867467
W2V_276,0.03412641554275518,-0.05538149966894842,0.015942616982674105,0.024883453761002455,-0.0008991457386053329,-0.01347209934332276,-0.07065436958675841,0.07690957530747217
W2V_277,0.07285555406512019,-0.1355979998982831,0.06367124089650714,-0.04562636803605919,-0.036557656141682784,0.03734454524670483,-0.016321263981980135,0.07104015691757766
W2V_278,0.012886818302420696,0.055927520276495314,0.06060577019329443,0.01896865874027834,0.002152945590713063,-0.05065517869069711,0.01727735423570507,-0.05911813521572617
W2V_279,-0.02181654847091864,-0.008540373907951627,-0.013693771648395192,-0.026704712284768978,-0.05684972679134251,-0.052550039285587186,-0.0385382096829518,-0.03063644614282224
W2V_280,0.008164940496005847,0.04508883510125909,0.005540870641802652,0.10830161040471085,-0.01808310605985377,-0.0016525794774336132,0.015712967957514333,0.019080097014547447
W2V_281,0.04625005330653046,0.05072765768210138,0.07210537956500988,0.031678684294356003,-0.048415914603685675,-0.006062196224085233,-0.02988643379839221,0.07306271106407815
W2V_282,-0.0109800951244003,-0.004207967226978551,-0.0904786894395904,-0.016570763434553364,-0.017359091819379044,0.024548400607098862,0.01830237679612706,-0.04631745058593919
W2V_283,0.13503007972366438,-0.059000851664682046,-0.02190259641170316,0.007572023228140583,-0.04420469637374577,-0.0827039907373734,0.06303938154873737,-0.0327184341068603
W2V_284,-0.030552136912651903,-0.0045335957264301474,-0.004578426748384991,-0.08124102544277542,-0.024948264142187034,0.04035420461877213,0.043150823872305524,-0.007110073706650291
W2V_285,-0.01851032340483985,0.01141688166806211,0.03541029245313688,0.018389655364364838,0.08299997107017977,0.07666777076853643,-0.026799654593707777,-0.09358014672966496
W2V_286,-0.09140152116961767,0.02730448650808802,0.039929803945667836,0.003401698682302131,-0.0012208591358395227,0.06484662300495142,-0.007498123689438575,0.004056609383731294
W2V_287,0.00524403470485194,-0.07952290442486447,-0.044226883659615884,0.03190176609946574,-0.025450791955602424,-0.0192526434897605,-0.012792422843926874,-0.00818172835696717
W2V_288,-0.029805039184946754,0.07084566058505179,-0.003352194419268229,-0.11180370055165538,0.01838721908235437,-0.0328730671508188,0.08518854483230376,-0.0186036666031311
W2V_289,-0.08799739922655134,-0.024307779263528055,-0.004408097325609684,-0.03232213295557769,-0.040480627828241765,0.00825874614057452,-0.0243205757310184,-0.0033925023676844818
W2V_290,0.14891732654757486,-0.06989368842893956,0.08412992671611882,-0.04596986978991202,0.06403035946503961,-0.001995830251232012,0.04970985646310795,0.02479796377449134
W2V_291,0.0030419910263886703,0.050890128204783086,-0.004024885148156341,-0.0023578400975131134,-0.09664546121583721,0.008740042140668548,-0.02149157238633936,0.04223225034924043
W2V_292,-0.016083809182484914,-0.0035893811983091347,-0.02070986509108876,0.04737878174062668,-0.0763571948391603,0.013321740005807742,-0.02164473195572394,0.008362415917380857
W2V_293,-0.022969042908929004,-0.011891480092494454,-0.03467023342151822,0.025093706829429227,-0.03840373446237031,-0.025300455897961018,0.014745935614726254,-0.06718376477399211
W2V_294,-0.0316731911416085,0.023523340671283203,-0.07808869291131822,-0.05238693931739446,0.00011556955810927377,-0.022668133678311123,0.07959926514428008,-0.12013490262805797
W2V_295,0.06931588615347146,-0.05917132022822147,-0.03115345115044906,-0.13775990265109575,0.02278564646880539,0.04889919521650584,-0.00234783375094336,0.054760388280858587
W2V_296,-0.008047948410565482,-0.06666030267174665,0.030856914132820195,-0.028627205210096617,-0.013123677796580295,-0.05041500724281408,-0.014031385045660117,-0.04610597504647357
W2V_297,0.01413359840314578,0.011283648245017333,-0.004298794745375178,0.09444453635233571,0.05282428093129351,0.18776078032973964,-0.0010883556339353804,0.050151281128421585
W2V_298,0.03479716563674809,-0.08367194685978234,-0.02646284431962156,0.004412019725362459,-0.09031986652517511,-0.008684637939622108,0.0399800919945864,0.05450497614985816
W2V_299,-0.00935808231255881,-0.042909488217454744,0.03678003443960864,-0.049001794880461656,0.12011215600772084,-0.10101572877677109,0.10899774542556245,-0.03855834308228979
W2V_300,0.028815956077329338,0.05525484554945333,0.08715820067576481,0.09391032498085021,-0.01728819349291565,0.0069936583511231035,0.019708431355171144,-0.0663696255226487
