factor,feature,comparison,tent_lag_s,n_narratives,mean_pearson_r,mean_spearman_rho,min_pearson_r,max_pearson_r
F7_n8,word_count_per_tr,collapsed_factor_vs_matching_FIR_feature,,10,0.0739699608151875,0.0941910202649663,0.0083543603206079,0.1212650513039558
F2_n8,word_count_per_tr,collapsed_factor_vs_matching_FIR_feature,,10,-0.070270226799865,-0.1178077726866155,-0.152881794464554,0.0147836419294485
F1_n8,word_count_per_tr,collapsed_factor_vs_matching_FIR_feature,,10,0.0615778701929388,0.0828250786593978,-0.0361869909406782,0.1459121257932021
F2_n8,rms_dbfs,collapsed_factor_vs_matching_FIR_feature,,10,0.0481723575362202,0.069124486496726,-0.0365921852257086,0.154140194597344
F7_n8,peak_amplitude,collapsed_factor_vs_matching_FIR_feature,,10,0.0477177991418191,0.069457993197141,-0.0249497805820646,0.1914250797653585
F1_n8,spectral_centroid_hz,collapsed_factor_vs_matching_FIR_feature,,10,-0.0423092149598879,-0.0723817975779361,-0.2276174457987112,0.0660770361872845
F7_n8,rms,collapsed_factor_vs_matching_FIR_feature,,10,0.0422294353505187,0.0615536135306661,-0.0245881808587332,0.1877447186340977
F3_n8,word_count_per_tr,collapsed_factor_vs_matching_FIR_feature,,10,0.0420569971080898,0.0476084047709909,-0.0487323431865598,0.1700558852664233
F1_n8,spectral_rolloff_85_hz,collapsed_factor_vs_matching_FIR_feature,,10,-0.0411300731470232,-0.0677322529645688,-0.2178463069797795,0.0676291916435317
F4_n8,peak_amplitude,collapsed_factor_vs_matching_FIR_feature,,10,0.039066412346267,0.0611680655921195,-0.0523463905741424,0.2106581423968256
F4_n8,rms_dbfs,collapsed_factor_vs_matching_FIR_feature,,10,0.0390159023718743,0.0783007159925138,-0.0496714595203009,0.1728015046066269
F5_n8,spectral_centroid_hz,collapsed_factor_vs_matching_FIR_feature,,10,0.0383262126871819,0.0335852634293494,-0.0292478431433071,0.1915864284446496
F1_n8,zero_crossing_rate,collapsed_factor_vs_matching_FIR_feature,,10,-0.0380382350980037,-0.0619500886881625,-0.2157376814795123,0.0675265106275827
F2_n8,spectral_centroid_hz,collapsed_factor_vs_matching_FIR_feature,,10,0.037896430082642,0.0514325334033816,-0.0562056368498132,0.1901538089835578
F2_n8,spectral_rolloff_85_hz,collapsed_factor_vs_matching_FIR_feature,,10,0.0372444745591947,0.0499668543765653,-0.0454877907221521,0.1980229606585841
F1_n8,peak_amplitude,collapsed_factor_vs_matching_FIR_feature,,10,-0.0360516946801524,-0.0410046152570088,-0.2036620927988039,0.0453849726028049
F1_n8,rms_dbfs,collapsed_factor_vs_matching_FIR_feature,,10,-0.0353463254140264,-0.0588046725160913,-0.1358577095615896,0.0432786781158761
F4_n8,spectral_flatness,collapsed_factor_vs_matching_FIR_feature,,10,-0.0334675920028392,-0.0480610162613182,-0.0812834567930536,0.0521547980022281
F2_n8,zero_crossing_rate,collapsed_factor_vs_matching_FIR_feature,,10,0.0330689914372696,0.0414953026681489,-0.0501060730899217,0.1870827084164638
F5_n8,spectral_rolloff_85_hz,collapsed_factor_vs_matching_FIR_feature,,10,0.0329501707118244,0.0249657758824156,-0.0235449895541894,0.1724273720053925
F5_n8,zero_crossing_rate,collapsed_factor_vs_matching_FIR_feature,,10,0.0319900811074127,0.0244540224483589,-0.0463666383382645,0.1423989044638579
F2_n8,peak_amplitude,collapsed_factor_vs_matching_FIR_feature,,10,0.0310453518482815,0.0337301163126201,-0.1023144164917406,0.1280159341417484
F2_n8,rms,collapsed_factor_vs_matching_FIR_feature,,10,0.0307623681907891,0.0386975269924966,-0.0995699923976582,0.1396029250590825
F6_n8,word_count_per_tr,collapsed_factor_vs_matching_FIR_feature,,10,0.0292078560098365,0.0330376671258537,-0.0251807487956423,0.0808986288524666
F4_n8,rms,collapsed_factor_vs_matching_FIR_feature,,10,0.0287683869289644,0.0492885505559722,-0.0618997322799951,0.1838650854147278
F1_n8,spectral_flux,collapsed_factor_vs_matching_FIR_feature,,10,0.0274074536856913,0.0771044244058649,-0.0045303987421237,0.072843024938726
F2_n8,spectral_flux,collapsed_factor_vs_matching_FIR_feature,,10,-0.0270639770606552,-0.0703300268298157,-0.0906518832255483,0.0299932832169936
F1_n8,rms,collapsed_factor_vs_matching_FIR_feature,,10,-0.0268621074636563,-0.0333751230027849,-0.1855927570724481,0.0482316915363766
F5_n8,spectral_flatness,collapsed_factor_vs_matching_FIR_feature,,10,-0.0260970738584657,-0.0499911110659701,-0.128313223032832,0.0474773343456355
F6_n8,rms_dbfs,collapsed_factor_vs_matching_FIR_feature,,10,0.0259821002124092,0.0576242335419807,-0.0446864278243773,0.1091987406029122
F7_n8,spectral_flux,collapsed_factor_vs_matching_FIR_feature,,10,0.0243257980070259,0.0379292848411258,-0.0308123646429233,0.072333077187787
F3_n8,peak_amplitude,collapsed_factor_vs_matching_FIR_feature,,10,0.0242006036258648,0.020129877303889,-0.0485398111740933,0.170129360057608
F8_n8,rms_dbfs,collapsed_factor_vs_matching_FIR_feature,,10,-0.024133205637833,-0.051467861842376,-0.1718407800018354,0.0375641762345127
F8_n8,spectral_centroid_hz,collapsed_factor_vs_matching_FIR_feature,,10,-0.0237243165550841,-0.0311956781069943,-0.097857889894077,0.0566836316481951
F8_n8,peak_amplitude,collapsed_factor_vs_matching_FIR_feature,,10,-0.0236437693249955,-0.0602692449875463,-0.2040175516504761,0.0726017343102051
F7_n8,spectral_bandwidth_hz,collapsed_factor_vs_matching_FIR_feature,,10,-0.0234348305863303,-0.0285320455525231,-0.0613020681847445,0.0250106797702218
F6_n8,spectral_flux,collapsed_factor_vs_matching_FIR_feature,,10,-0.0229062681430494,-0.0566241415537744,-0.0947315419906696,0.0418982517014476
F6_n8,spectral_flatness,collapsed_factor_vs_matching_FIR_feature,,10,-0.0221649658489733,-0.0402523802723163,-0.1350770983552105,0.0631794435591529
F7_n8,rms_dbfs,collapsed_factor_vs_matching_FIR_feature,,10,0.0221601075717571,0.0624169117215117,-0.0232794300708623,0.0777086353113389
F3_n8,rms_dbfs,collapsed_factor_vs_matching_FIR_feature,,10,0.021573963660598,0.0202548013133296,-0.036682681044,0.1211315527431604
F2_n8,spectral_flatness,collapsed_factor_vs_matching_FIR_feature,,10,-0.0207547224243521,-0.0132004835244967,-0.1155927822452986,0.0591468708686903
F5_n8,word_count_per_tr,collapsed_factor_vs_matching_FIR_feature,,10,-0.0202981888311033,-0.0454391180931847,-0.0884835546552477,0.0235932105085401
F8_n8,zero_crossing_rate,collapsed_factor_vs_matching_FIR_feature,,10,-0.0202268947203696,-0.0246629104334773,-0.074553212528072,0.0630053887881698
F5_n8,rms,collapsed_factor_vs_matching_FIR_feature,,10,-0.0202210406082941,-0.0254633063281092,-0.148616750904684,0.0620093405187234
F7_n8,zero_crossing_rate,collapsed_factor_vs_matching_FIR_feature,,10,-0.020215128484594,-0.0087922515686055,-0.052764572491942,0.0110605643240642
F6_n8,spectral_bandwidth_hz,collapsed_factor_vs_matching_FIR_feature,,10,-0.0199803047759009,-0.055665902755346,-0.1021724834685607,0.058402339466714
F7_n8,spectral_centroid_hz,collapsed_factor_vs_matching_FIR_feature,,10,-0.0190071488101703,-0.0020287081182779,-0.058578449588845,0.013469661309177
F8_n8,spectral_rolloff_85_hz,collapsed_factor_vs_matching_FIR_feature,,10,-0.018819901631429,-0.0250849567917847,-0.0842713748173335,0.0626298035610945
F8_n8,rms,collapsed_factor_vs_matching_FIR_feature,,10,-0.0172912316242783,-0.0527268915309983,-0.2004731813952698,0.0801445416749504
F8_n8,spectral_flux,collapsed_factor_vs_matching_FIR_feature,,10,0.017167187406011,0.0018708895295559,-0.0395373123756976,0.0768775116171902
F1_n8,spectral_bandwidth_hz,collapsed_factor_vs_matching_FIR_feature,,10,-0.0167374523803366,-0.0250224887340313,-0.1844237683878565,0.0555760232258586
F7_n8,spectral_rolloff_85_hz,collapsed_factor_vs_matching_FIR_feature,,10,-0.0159137237347555,0.0015634852831439,-0.0562126272099884,0.0142281710971767
F4_n8,spectral_flux,collapsed_factor_vs_matching_FIR_feature,,10,0.0152354426661316,0.0189927437597572,-0.0402563219579999,0.0750508059312125
F5_n8,spectral_flux,collapsed_factor_vs_matching_FIR_feature,,10,-0.0139594415946875,-0.0416788672153689,-0.0749260000071899,0.047525924808073
F5_n8,rms_dbfs,collapsed_factor_vs_matching_FIR_feature,,10,0.0129258664210417,0.0106006449560645,-0.040745998588703,0.0943789987499776
F2_n8,spectral_bandwidth_hz,collapsed_factor_vs_matching_FIR_feature,,10,0.0124759715560738,0.0040570346369262,-0.0797337995206248,0.1973649738279021
F6_n8,peak_amplitude,collapsed_factor_vs_matching_FIR_feature,,10,0.0114188431363968,0.0231709645967366,-0.1047062718900809,0.1216739174809117
F4_n8,spectral_centroid_hz,collapsed_factor_vs_matching_FIR_feature,,10,0.0112972224323194,0.0115023217484876,-0.0773661454783727,0.0640708748059879
F5_n8,peak_amplitude,collapsed_factor_vs_matching_FIR_feature,,10,-0.0110640679804631,-0.0190090826158011,-0.1335175804301711,0.0622075744106898
F4_n8,spectral_rolloff_85_hz,collapsed_factor_vs_matching_FIR_feature,,10,0.0102124937220017,0.0063854278372705,-0.0679793570282694,0.0613018394876684
F3_n8,spectral_centroid_hz,collapsed_factor_vs_matching_FIR_feature,,10,-0.0098951518552892,-0.0575757263386312,-0.1367294295276037,0.0971446434977711
F3_n8,spectral_flatness,collapsed_factor_vs_matching_FIR_feature,,10,-0.0094845317748876,-0.0132745793980693,-0.064307487197358,0.0770221510325575
F7_n8,spectral_flatness,collapsed_factor_vs_matching_FIR_feature,,10,-0.0093453996844685,-0.0070970375305676,-0.0436681529032124,0.0350296327279777
F8_n8,word_count_per_tr,collapsed_factor_vs_matching_FIR_feature,,10,-0.0093045127479164,-0.0640129228550559,-0.1335214119150665,0.0628361132243137
F3_n8,rms,collapsed_factor_vs_matching_FIR_feature,,10,0.0089200248438996,0.0071205935812931,-0.0651139012052305,0.1286058417474396
F4_n8,spectral_bandwidth_hz,collapsed_factor_vs_matching_FIR_feature,,10,-0.0077751517103967,-0.0356074561995255,-0.0505202209647443,0.0509912557141842
F4_n8,zero_crossing_rate,collapsed_factor_vs_matching_FIR_feature,,10,0.0075767747390058,-0.0035494142951328,-0.0626577094579207,0.0645046865992611
F4_n8,word_count_per_tr,collapsed_factor_vs_matching_FIR_feature,,10,0.0075652979406075,0.0134249036404804,-0.0696964385597907,0.1183417904557183
F6_n8,zero_crossing_rate,collapsed_factor_vs_matching_FIR_feature,,10,-0.0074059056592052,-0.0449576510879024,-0.1073219312691258,0.0705187668035838
F3_n8,zero_crossing_rate,collapsed_factor_vs_matching_FIR_feature,,10,-0.0070112525409271,-0.0499406844308924,-0.1318355054041443,0.0925303419801973
F1_n8,spectral_flatness,collapsed_factor_vs_matching_FIR_feature,,10,0.0058573398991519,-0.0157016852958769,-0.060857954784012,0.0559784179147992
F3_n8,spectral_bandwidth_hz,collapsed_factor_vs_matching_FIR_feature,,10,0.0049275925011123,-0.0106315123682904,-0.0783785203789655,0.0966551884399758
F8_n8,spectral_flatness,collapsed_factor_vs_matching_FIR_feature,,10,0.004394118110637,0.0311947119073178,-0.0431181373222176,0.0523598583779081
F8_n8,spectral_bandwidth_hz,collapsed_factor_vs_matching_FIR_feature,,10,0.0037587783744699,0.0006689938096474,-0.0564494879570112,0.0766117894226201
F3_n8,spectral_rolloff_85_hz,collapsed_factor_vs_matching_FIR_feature,,10,-0.0036154714951785,-0.0487374413550377,-0.1208682151164961,0.1056491587673062
F6_n8,spectral_rolloff_85_hz,collapsed_factor_vs_matching_FIR_feature,,10,0.0027907612755379,-0.0225874364478348,-0.0852340858170098,0.0952316614704375
F3_n8,spectral_flux,collapsed_factor_vs_matching_FIR_feature,,10,-0.0020101819833506,-0.0214969237346117,-0.0558846442726374,0.0670742215394157
F6_n8,spectral_centroid_hz,collapsed_factor_vs_matching_FIR_feature,,10,0.0015356500385625,-0.0261089712205184,-0.1056251889892279,0.0902449828280861
F5_n8,spectral_bandwidth_hz,collapsed_factor_vs_matching_FIR_feature,,10,0.0003541299405046,-0.0195755046510926,-0.0850989408398696,0.0774293275129525
F6_n8,rms,collapsed_factor_vs_matching_FIR_feature,,10,-8.545600655138318e-05,0.0067903168123071,-0.0957414674875357,0.0870021783085895
