factor,feature,comparison,tent_lag_s,n_runs,mean_pearson_r,mean_spearman_rho,min_pearson_r,max_pearson_r
F1_n8,peak_amplitude,collapsed_factor_vs_matching_FIR_feature,,213,-0.05514011628140439,-0.06259989256090544,-0.203662092798804,0.04609812126951225
F1_n8,peak_amplitude,collapsed_factor_vs_raw_feature,,213,-0.010658139585700242,-0.006124928613862084,-0.06314395331742922,0.032733209182923495
F1_n8,peak_amplitude,individual_TENT_column_vs_raw_feature,1.5,213,-0.02878014123687293,-0.03202824286440114,-0.08394922819274403,0.030437408774930477
F1_n8,peak_amplitude,individual_TENT_column_vs_raw_feature,3.0,213,-0.015835952930272616,-0.028543001806804708,-0.07295194384558437,0.039997910836524896
F1_n8,peak_amplitude,individual_TENT_column_vs_raw_feature,4.5,213,0.006706127277101434,-0.004468467685735687,-0.04905923645325753,0.06995834601161749
F1_n8,peak_amplitude,individual_TENT_column_vs_raw_feature,6.0,213,-0.005802571524534292,-0.001285744674638189,-0.07442408854313201,0.03485806437924767
F1_n8,peak_amplitude,individual_TENT_column_vs_raw_feature,7.5,213,0.007747697489815275,0.005743736632268949,-0.05545709571473416,0.07670857809227224
F1_n8,rms,collapsed_factor_vs_matching_FIR_feature,,213,-0.04306674228706127,-0.053237333213367294,-0.18559275707244827,0.048935423419270686
F1_n8,rms,collapsed_factor_vs_raw_feature,,213,-0.006732589197396932,-0.002390037280608309,-0.06641190905367632,0.033651308960560546
F1_n8,rms,individual_TENT_column_vs_raw_feature,1.5,213,-0.02371030152470573,-0.026118142108508755,-0.07671038739986616,0.023779036417243993
F1_n8,rms,individual_TENT_column_vs_raw_feature,3.0,213,-0.014262277754177708,-0.02445139967003043,-0.0615369285462302,0.03330347275185645
F1_n8,rms,individual_TENT_column_vs_raw_feature,4.5,213,0.005136464993344082,-0.00304389489583524,-0.04277832998574092,0.06761037806516373
F1_n8,rms,individual_TENT_column_vs_raw_feature,6.0,213,-0.0011067992720769416,0.004177298138566864,-0.07686365032697437,0.02855821053811562
F1_n8,rms,individual_TENT_column_vs_raw_feature,7.5,213,0.011131082217270145,0.006531864130352313,-0.06009606564255884,0.0696073064062933
F1_n8,rms_dbfs,collapsed_factor_vs_matching_FIR_feature,,213,-0.0475116072204528,-0.0807198690566145,-0.13585770956158952,0.043278678115876074
F1_n8,rms_dbfs,collapsed_factor_vs_raw_feature,,213,0.0005619603195290914,0.004168887649027608,-0.0638893519644931,0.05903844279797576
F1_n8,rms_dbfs,individual_TENT_column_vs_raw_feature,1.5,213,-0.008879713925765231,-0.017170780334753354,-0.06850531595640323,0.03306132738120404
F1_n8,rms_dbfs,individual_TENT_column_vs_raw_feature,3.0,213,0.0020144031141339077,-0.010051414721618104,-0.03839455611282066,0.05165628922834509
F1_n8,rms_dbfs,individual_TENT_column_vs_raw_feature,4.5,213,0.008439069992839337,0.005324486033175976,-0.048175053683172014,0.09442656847883275
F1_n8,rms_dbfs,individual_TENT_column_vs_raw_feature,6.0,213,-0.003267155241399916,0.006447526615830485,-0.06904513976946464,0.03417832657850062
F1_n8,rms_dbfs,individual_TENT_column_vs_raw_feature,7.5,213,-0.0023168869408265722,0.0064601584350299545,-0.052046531749364446,0.03748992874782902
F1_n8,spectral_bandwidth_hz,collapsed_factor_vs_matching_FIR_feature,,213,0.0035009222379592145,-0.0030975109292317327,-0.1897762621801356,0.055576023225858716
F1_n8,spectral_bandwidth_hz,collapsed_factor_vs_raw_feature,,213,-0.024991914712515304,-0.047314729508298736,-0.10301897285763849,0.07983829869867448
F1_n8,spectral_bandwidth_hz,individual_TENT_column_vs_raw_feature,1.5,213,-0.014982810784280745,-0.03684539770936694,-0.07336607542014177,0.0754359283452874
F1_n8,spectral_bandwidth_hz,individual_TENT_column_vs_raw_feature,3.0,213,-0.031146310585712718,-0.05207651951016422,-0.07662996781229711,0.020336809496118373
F1_n8,spectral_bandwidth_hz,individual_TENT_column_vs_raw_feature,4.5,213,-0.02214327326478693,-0.03949966390924399,-0.11237983198205818,0.0345206867329349
F1_n8,spectral_bandwidth_hz,individual_TENT_column_vs_raw_feature,6.0,213,-0.00011177871688820158,-0.013533048816331899,-0.06542429477595052,0.0843099826222382
F1_n8,spectral_bandwidth_hz,individual_TENT_column_vs_raw_feature,7.5,213,0.00022980009582339713,-0.007736893929355419,-0.03320903089681124,0.07325377834882037
F1_n8,spectral_centroid_hz,collapsed_factor_vs_matching_FIR_feature,,213,-0.02027266433090794,-0.0397117151628349,-0.23294821343821057,0.06607703618728458
F1_n8,spectral_centroid_hz,collapsed_factor_vs_raw_feature,,213,0.0006349244282688155,-0.01600654665442843,-0.117291002877942,0.08020622045121906
F1_n8,spectral_centroid_hz,individual_TENT_column_vs_raw_feature,1.5,213,-0.001061198701183925,-0.020005274099633662,-0.06245799161569706,0.06810257545542357
F1_n8,spectral_centroid_hz,individual_TENT_column_vs_raw_feature,3.0,213,-0.011973916118446977,-0.03862350981469876,-0.08776056913275601,0.0437320582896984
F1_n8,spectral_centroid_hz,individual_TENT_column_vs_raw_feature,4.5,213,-0.002325260995376618,-0.014085474575225678,-0.10137958928003105,0.05493546291830479
F1_n8,spectral_centroid_hz,individual_TENT_column_vs_raw_feature,6.0,213,0.010690499216665273,-0.013420754405050006,-0.06433051257782274,0.08902545645360802
F1_n8,spectral_centroid_hz,individual_TENT_column_vs_raw_feature,7.5,213,0.011468812400257964,0.006185624878372299,-0.04488114778531573,0.07266798030926837
F1_n8,spectral_flatness,collapsed_factor_vs_matching_FIR_feature,,213,0.008262802192727209,0.004235125504957503,-0.06085795478401203,0.055978417914799176
F1_n8,spectral_flatness,collapsed_factor_vs_raw_feature,,213,-0.01713562849163211,-0.041684128966422436,-0.0925476992526366,0.07851321417010633
F1_n8,spectral_flatness,individual_TENT_column_vs_raw_feature,1.5,213,-0.012524348679158111,-0.030985455416843073,-0.04855928763400848,0.06948451133916335
F1_n8,spectral_flatness,individual_TENT_column_vs_raw_feature,3.0,213,-0.027379105884518053,-0.04275984150177638,-0.0703279481561394,0.02752663016785113
F1_n8,spectral_flatness,individual_TENT_column_vs_raw_feature,4.5,213,-0.02511971290178653,-0.035964889392902925,-0.1102819978634352,0.04205876142647979
F1_n8,spectral_flatness,individual_TENT_column_vs_raw_feature,6.0,213,0.009036830474115779,-0.0077930555860040674,-0.0423989628193977,0.08837064371780338
F1_n8,spectral_flatness,individual_TENT_column_vs_raw_feature,7.5,213,0.012161190857751455,-0.004153616655411573,-0.02318455520508496,0.07758269707943248
F1_n8,spectral_flux,collapsed_factor_vs_matching_FIR_feature,,213,0.019224012181938793,0.07663891905425628,-0.004530398742123758,0.07284302493872599
F1_n8,spectral_flux,collapsed_factor_vs_raw_feature,,213,0.0068630250703537315,0.011825377519868743,-0.10758924835529277,0.07860613706442283
F1_n8,spectral_flux,individual_TENT_column_vs_raw_feature,1.5,213,0.010272227940871115,0.02336616369283755,-0.08891064975989406,0.043761823515646864
F1_n8,spectral_flux,individual_TENT_column_vs_raw_feature,3.0,213,0.012020481334089745,0.006120072061731625,-0.01737828999571782,0.05365004868392224
F1_n8,spectral_flux,individual_TENT_column_vs_raw_feature,4.5,213,0.0012669242805841297,0.01407139950593679,-0.0519802416721236,0.05123426855905074
F1_n8,spectral_flux,individual_TENT_column_vs_raw_feature,6.0,213,0.0014285367072010354,0.007231368255416608,-0.0944188499548787,0.06600062953136511
F1_n8,spectral_flux,individual_TENT_column_vs_raw_feature,7.5,213,-0.005340833648186277,0.009695742281570762,-0.09885022384230607,0.03667788540732922
F1_n8,spectral_rolloff_85_hz,collapsed_factor_vs_matching_FIR_feature,,213,-0.021583233619040486,-0.03949953107809978,-0.22248306796176295,0.06762919164353177
F1_n8,spectral_rolloff_85_hz,collapsed_factor_vs_raw_feature,,213,-0.005814590263572104,-0.02120442160366494,-0.11521712008615632,0.0810171245475566
F1_n8,spectral_rolloff_85_hz,individual_TENT_column_vs_raw_feature,1.5,213,-0.004352442303091006,-0.02484673473312333,-0.06573644213812854,0.07042729369234409
F1_n8,spectral_rolloff_85_hz,individual_TENT_column_vs_raw_feature,3.0,213,-0.015417915567523291,-0.04335438794032629,-0.08714618968905041,0.03625398717380918
F1_n8,spectral_rolloff_85_hz,individual_TENT_column_vs_raw_feature,4.5,213,-0.0058192139092666136,-0.01961620969095177,-0.09837823748055494,0.039575099056342156
F1_n8,spectral_rolloff_85_hz,individual_TENT_column_vs_raw_feature,6.0,213,0.005905467272059926,-0.015161816947593155,-0.06314606044631271,0.088418877308017
F1_n8,spectral_rolloff_85_hz,individual_TENT_column_vs_raw_feature,7.5,213,0.007276521011618677,0.0028349657451283952,-0.0524303503095383,0.07364190487275082
F1_n8,word_count_per_tr,collapsed_factor_vs_matching_FIR_feature,,213,0.03231490658986837,0.04489208073708091,-0.0361869909406782,0.1477258293095298
F1_n8,word_count_per_tr,collapsed_factor_vs_raw_feature,,213,0.0008416045926336091,0.007004403909391407,-0.08603003938474706,0.0752070885992684
F1_n8,word_count_per_tr,individual_TENT_column_vs_raw_feature,1.5,213,-0.0021943234235806868,-0.007418532386672171,-0.05645259542475929,0.0561531135497825
F1_n8,word_count_per_tr,individual_TENT_column_vs_raw_feature,3.0,213,0.015235335763777337,0.0050761093898871925,-0.06655300317574257,0.06701788058133426
F1_n8,word_count_per_tr,individual_TENT_column_vs_raw_feature,4.5,213,0.0047967419681031985,0.013997399721162738,-0.05879325709386031,0.08920680492490145
F1_n8,word_count_per_tr,individual_TENT_column_vs_raw_feature,6.0,213,-0.01152634119662399,-0.011621892730526915,-0.0734386648557328,0.06295705557274518
F1_n8,word_count_per_tr,individual_TENT_column_vs_raw_feature,7.5,213,-0.00669327599274683,-0.008660323706668046,-0.05053145467496089,0.05546193369203731
F1_n8,zero_crossing_rate,collapsed_factor_vs_matching_FIR_feature,,213,-0.015190596667386511,-0.02738018716357028,-0.22166153912534672,0.06752651062758268
F1_n8,zero_crossing_rate,collapsed_factor_vs_raw_feature,,213,-0.005598103183624514,-0.026340914897687636,-0.1261285888131702,0.07884691093402885
F1_n8,zero_crossing_rate,individual_TENT_column_vs_raw_feature,1.5,213,-0.004792850980091465,-0.02442719924516538,-0.06040982235924738,0.06937696216359049
F1_n8,zero_crossing_rate,individual_TENT_column_vs_raw_feature,3.0,213,-0.01732050235275807,-0.04603727886288811,-0.09416406433744957,0.04256520893322755
F1_n8,zero_crossing_rate,individual_TENT_column_vs_raw_feature,4.5,213,-0.009583552069749835,-0.023395335068964976,-0.1140288990893995,0.048275992402316614
F1_n8,zero_crossing_rate,individual_TENT_column_vs_raw_feature,6.0,213,0.009424558694892593,-0.013153162631251375,-0.06551657976636252,0.08524578533819711
F1_n8,zero_crossing_rate,individual_TENT_column_vs_raw_feature,7.5,213,0.011812913110993443,0.004160144753409728,-0.04052540752026678,0.0653355422313537
F2_n8,peak_amplitude,collapsed_factor_vs_matching_FIR_feature,,213,0.058178234364003795,0.059123186894750476,-0.10394326104612724,0.12801593414174847
F2_n8,peak_amplitude,collapsed_factor_vs_raw_feature,,213,0.0349218758276889,0.019155967655767204,-0.07103749765205603,0.12209460641669546
F2_n8,peak_amplitude,individual_TENT_column_vs_raw_feature,1.5,213,0.04760344204335491,0.03214044758854804,-0.010052797104454251,0.10376612290056074
F2_n8,peak_amplitude,individual_TENT_column_vs_raw_feature,3.0,213,0.02604852580637722,0.010976337323444512,-0.059190779286221684,0.07293235394615764
F2_n8,peak_amplitude,individual_TENT_column_vs_raw_feature,4.5,213,0.011014250120511323,0.005419284060274633,-0.04621893491145116,0.058816330462890296
F2_n8,peak_amplitude,individual_TENT_column_vs_raw_feature,6.0,213,0.017127687751747146,-0.002203854351421026,-0.061722218206348524,0.07383476897231775
F2_n8,peak_amplitude,individual_TENT_column_vs_raw_feature,7.5,213,-0.0007368314569628598,-0.007463136176642147,-0.05571412362943597,0.10195407577905462
F2_n8,rms,collapsed_factor_vs_matching_FIR_feature,,213,0.05434563521850465,0.060656872008582184,-0.10104091628144539,0.13960292505908256
F2_n8,rms,collapsed_factor_vs_raw_feature,,213,0.031240939137991874,0.015435159657937786,-0.07128023551143023,0.12622506590916197
F2_n8,rms,individual_TENT_column_vs_raw_feature,1.5,213,0.046288229632796295,0.028169301406629942,-0.014143917399154503,0.0929593195674776
F2_n8,rms,individual_TENT_column_vs_raw_feature,3.0,213,0.023682065633863287,0.007658568589538311,-0.06020945106544831,0.06710882156766768
F2_n8,rms,individual_TENT_column_vs_raw_feature,4.5,213,0.01217693567612119,0.0051393650199196795,-0.04513472124004905,0.06313142799189551
F2_n8,rms,individual_TENT_column_vs_raw_feature,6.0,213,0.011335902288285831,-0.0072547365855054,-0.0627903372134637,0.06192158262044963
F2_n8,rms,individual_TENT_column_vs_raw_feature,7.5,213,-0.003602864189064922,-0.008668229315373852,-0.05826518938112635,0.09123952330568741
F2_n8,rms_dbfs,collapsed_factor_vs_matching_FIR_feature,,213,0.06837491508727724,0.10241112153077553,-0.03755103426956518,0.1541401945973439
F2_n8,rms_dbfs,collapsed_factor_vs_raw_feature,,213,0.03336932227331524,0.02922842225481517,-0.04865104012902956,0.15515903883382381
F2_n8,rms_dbfs,individual_TENT_column_vs_raw_feature,1.5,213,0.04134107542955184,0.03566411361279167,-0.00952221451425523,0.07591712047823543
F2_n8,rms_dbfs,individual_TENT_column_vs_raw_feature,3.0,213,0.028540933112223946,0.02908809916535554,-0.030139486097756796,0.09266964079771815
F2_n8,rms_dbfs,individual_TENT_column_vs_raw_feature,4.5,213,0.004780135371209336,0.027862079644004147,-0.07833832832275653,0.07112122335192542
F2_n8,rms_dbfs,individual_TENT_column_vs_raw_feature,6.0,213,0.015417050825915548,0.016131881347907214,-0.055517227232716466,0.07645312952919092
F2_n8,rms_dbfs,individual_TENT_column_vs_raw_feature,7.5,213,0.006292273693227022,0.002658819446211122,-0.05344657795415782,0.11134635297518486
F2_n8,spectral_bandwidth_hz,collapsed_factor_vs_matching_FIR_feature,,213,-0.006259823589803263,-0.013793976091856827,-0.07973379952062488,0.20308402656072957
F2_n8,spectral_bandwidth_hz,collapsed_factor_vs_raw_feature,,213,0.0028945111362461353,0.010176674701933178,-0.12936800259946502,0.1016760322451752
F2_n8,spectral_bandwidth_hz,individual_TENT_column_vs_raw_feature,1.5,213,-0.016732596824168024,-0.006753602881680719,-0.09861606166517765,0.05572166024807647
F2_n8,spectral_bandwidth_hz,individual_TENT_column_vs_raw_feature,3.0,213,0.0011771561013574465,0.005596027757285394,-0.08672180955336216,0.051300840505302626
F2_n8,spectral_bandwidth_hz,individual_TENT_column_vs_raw_feature,4.5,213,0.013380569699469328,-0.006017752845952777,-0.06826615651480734,0.0982401486875319
F2_n8,spectral_bandwidth_hz,individual_TENT_column_vs_raw_feature,6.0,213,0.0024129617080291357,-0.004086401861289289,-0.08936283979513976,0.08351007862911448
F2_n8,spectral_bandwidth_hz,individual_TENT_column_vs_raw_feature,7.5,213,0.00884603039048548,0.013150474976290186,-0.05394657593945838,0.06041283531509838
F2_n8,spectral_centroid_hz,collapsed_factor_vs_matching_FIR_feature,,213,0.03252941512553378,0.054215264443377244,-0.05620563684981325,0.1946025513944595
F2_n8,spectral_centroid_hz,collapsed_factor_vs_raw_feature,,213,0.0023301102352837324,0.03055071127772952,-0.10115873629072986,0.09448648815147469
F2_n8,spectral_centroid_hz,individual_TENT_column_vs_raw_feature,1.5,213,-0.000996001901476096,0.007849181831103698,-0.10362062253531709,0.054105609480033005
F2_n8,spectral_centroid_hz,individual_TENT_column_vs_raw_feature,3.0,213,0.008446067430408493,0.022069548830704395,-0.02842247226158804,0.05458172892265632
F2_n8,spectral_centroid_hz,individual_TENT_column_vs_raw_feature,4.5,213,0.006190704188247878,0.014643760020077943,-0.060543318552681906,0.06594228245272998
F2_n8,spectral_centroid_hz,individual_TENT_column_vs_raw_feature,6.0,213,0.000434044762407115,0.02815853979304867,-0.10888104120163193,0.07344125377429073
F2_n8,spectral_centroid_hz,individual_TENT_column_vs_raw_feature,7.5,213,-0.00527237945367078,0.006515511647971216,-0.12044506176492543,0.04626412021098934
F2_n8,spectral_flatness,collapsed_factor_vs_matching_FIR_feature,,213,-0.03288101089275768,-0.047209374034702455,-0.11559278224529863,0.05994875820681057
F2_n8,spectral_flatness,collapsed_factor_vs_raw_feature,,213,-0.017305344675442428,-0.011228599396524503,-0.1524523825349933,0.07075078738946924
F2_n8,spectral_flatness,individual_TENT_column_vs_raw_feature,1.5,213,-0.027839771510692835,-0.02935695216771179,-0.1020109685879631,0.009652817598896158
F2_n8,spectral_flatness,individual_TENT_column_vs_raw_feature,3.0,213,-0.017123078834387243,-0.025236809092587312,-0.10486743919138729,0.03379013149132523
F2_n8,spectral_flatness,individual_TENT_column_vs_raw_feature,4.5,213,0.01727154656737356,-0.010096532559339875,-0.06201651772811248,0.10589359252384666
F2_n8,spectral_flatness,individual_TENT_column_vs_raw_feature,6.0,213,-0.015020583832727493,-0.02024162706680861,-0.11452386236320548,0.05048810293522742
F2_n8,spectral_flatness,individual_TENT_column_vs_raw_feature,7.5,213,-0.008957411133683353,-0.004014253845142048,-0.07295171421045879,0.03135347643328942
F2_n8,spectral_flux,collapsed_factor_vs_matching_FIR_feature,,213,-0.01860232266996444,-0.0713265416517552,-0.09124321833121848,0.029993283216993637
F2_n8,spectral_flux,collapsed_factor_vs_raw_feature,,213,-0.012706590801665352,-0.019749649502838106,-0.05796511895898592,0.06370016842434653
F2_n8,spectral_flux,individual_TENT_column_vs_raw_feature,1.5,213,0.00024189665213947666,-0.010776798831710132,-0.04617886353009535,0.15318239139709078
F2_n8,spectral_flux,individual_TENT_column_vs_raw_feature,3.0,213,0.0009838047657487851,0.0022841745596117857,-0.04127525425513389,0.05102247831106736
F2_n8,spectral_flux,individual_TENT_column_vs_raw_feature,4.5,213,-0.016894627824885336,-0.031208257645560636,-0.06726140804662713,0.02300075591149749
F2_n8,spectral_flux,individual_TENT_column_vs_raw_feature,6.0,213,-0.0107903626505674,-0.030944910053527938,-0.08028734512445583,0.038397534233565914
F2_n8,spectral_flux,individual_TENT_column_vs_raw_feature,7.5,213,-0.010941796088168889,-0.02465625493789676,-0.04018881596797828,0.02869759359796609
F2_n8,spectral_rolloff_85_hz,collapsed_factor_vs_matching_FIR_feature,,213,0.03084589013447676,0.05232949047019037,-0.045487790722152144,0.202232340978027
F2_n8,spectral_rolloff_85_hz,collapsed_factor_vs_raw_feature,,213,0.003963227891079288,0.03284143846433302,-0.11687454973469913,0.09424903567091597
F2_n8,spectral_rolloff_85_hz,individual_TENT_column_vs_raw_feature,1.5,213,-0.0028738409570617605,0.010143731391995252,-0.10496794827291088,0.05515035391153181
F2_n8,spectral_rolloff_85_hz,individual_TENT_column_vs_raw_feature,3.0,213,0.00798401519059169,0.02315217229996366,-0.04153706482879413,0.057913270441741625
F2_n8,spectral_rolloff_85_hz,individual_TENT_column_vs_raw_feature,4.5,213,0.007012711395070592,0.014818052971034064,-0.06252688497908183,0.06875959321412929
F2_n8,spectral_rolloff_85_hz,individual_TENT_column_vs_raw_feature,6.0,213,0.004078590126021067,0.027591097156086545,-0.11672299588113709,0.07199574458794167
F2_n8,spectral_rolloff_85_hz,individual_TENT_column_vs_raw_feature,7.5,213,-0.0024805154215126295,0.008152277892852472,-0.10708059573474617,0.04672564034852898
F2_n8,word_count_per_tr,collapsed_factor_vs_matching_FIR_feature,,213,-0.052678721524714055,-0.10053052267427612,-0.15288179446455397,0.01478364192944855
F2_n8,word_count_per_tr,collapsed_factor_vs_raw_feature,,213,0.009879942950963467,-0.0037020299430678394,-0.05464594278772009,0.06446409023382574
F2_n8,word_count_per_tr,individual_TENT_column_vs_raw_feature,1.5,213,0.02335650029883785,0.010439762030649082,-0.041472990334864866,0.07241574196286955
F2_n8,word_count_per_tr,individual_TENT_column_vs_raw_feature,3.0,213,0.003978426404227708,-0.011586258401111814,-0.04887288329979311,0.06008809667281661
F2_n8,word_count_per_tr,individual_TENT_column_vs_raw_feature,4.5,213,-0.0016544363520228217,-0.014051580190303465,-0.0595330388733425,0.031981509244643394
F2_n8,word_count_per_tr,individual_TENT_column_vs_raw_feature,6.0,213,0.009340063946112224,-0.006294895880801271,-0.0812019463504455,0.08384720105903395
F2_n8,word_count_per_tr,individual_TENT_column_vs_raw_feature,7.5,213,-0.004363557995318131,-0.022145948942843705,-0.09022425800037671,0.06924495752166854
F2_n8,zero_crossing_rate,collapsed_factor_vs_matching_FIR_feature,,213,0.025397884398305693,0.03988324827091873,-0.05010607308992171,0.19221421026488272
F2_n8,zero_crossing_rate,collapsed_factor_vs_raw_feature,,213,0.004580577758281006,0.029964297475988326,-0.09011366893254223,0.10175017101636692
F2_n8,zero_crossing_rate,individual_TENT_column_vs_raw_feature,1.5,213,-0.002886463666422743,0.0018480067086388912,-0.09992296639411649,0.04179541006308672
F2_n8,zero_crossing_rate,individual_TENT_column_vs_raw_feature,3.0,213,0.009066397346541605,0.02096474880060743,-0.025204852890424248,0.0598842262664754
F2_n8,zero_crossing_rate,individual_TENT_column_vs_raw_feature,4.5,213,0.012089994572726274,0.015513437330794144,-0.06104702807267268,0.07178914795883841
F2_n8,zero_crossing_rate,individual_TENT_column_vs_raw_feature,6.0,213,0.0009322093749397394,0.023864680083312665,-0.10359304447334014,0.07810060078920925
F2_n8,zero_crossing_rate,individual_TENT_column_vs_raw_feature,7.5,213,-0.005932340341517003,0.005767672843696128,-0.11676641231969952,0.04200237464036735
F3_n8,peak_amplitude,collapsed_factor_vs_matching_FIR_feature,,213,0.036500559043666815,0.03524733842353141,-0.048539811174093284,0.170129360057608
F3_n8,peak_amplitude,collapsed_factor_vs_raw_feature,,213,-0.0034416339312477273,-0.009728170288799244,-0.1397528575757468,0.12621892979983845
F3_n8,peak_amplitude,individual_TENT_column_vs_raw_feature,1.5,213,0.005820825543409056,0.01582047958020752,-0.04833529739356418,0.13580419021597898
F3_n8,peak_amplitude,individual_TENT_column_vs_raw_feature,3.0,213,0.012783114168195215,0.012997820986662596,-0.04242584310262223,0.08586850418595368
F3_n8,peak_amplitude,individual_TENT_column_vs_raw_feature,4.5,213,-0.00392951156040461,-0.012245826217753573,-0.08966197653820755,0.06611583446479966
F3_n8,peak_amplitude,individual_TENT_column_vs_raw_feature,6.0,213,-0.008251757618207635,-0.027573920458364518,-0.1123859603884968,0.09788683428461842
F3_n8,peak_amplitude,individual_TENT_column_vs_raw_feature,7.5,213,-0.02188726404107042,-0.023149147367115402,-0.1668263460691462,0.05332038202350913
F3_n8,rms,collapsed_factor_vs_matching_FIR_feature,,213,0.01837617222817495,0.02122174988179626,-0.06511390120523049,0.1286058417474397
F3_n8,rms,collapsed_factor_vs_raw_feature,,213,-0.010176567838213746,-0.01453577718303616,-0.14587027858530122,0.11760967619597948
F3_n8,rms,individual_TENT_column_vs_raw_feature,1.5,213,-0.0024832314584489075,0.008650795863485203,-0.06133744685641984,0.11814132997758103
F3_n8,rms,individual_TENT_column_vs_raw_feature,3.0,213,0.010898496385558499,0.01213161861582369,-0.04467969066401146,0.07583577227129423
F3_n8,rms,individual_TENT_column_vs_raw_feature,4.5,213,-0.005810891870528927,-0.014433963186817202,-0.08981672769393889,0.059346154710255804
F3_n8,rms,individual_TENT_column_vs_raw_feature,6.0,213,-0.013054236694579894,-0.029893193676937324,-0.11280630055075018,0.10542837188128468
F3_n8,rms,individual_TENT_column_vs_raw_feature,7.5,213,-0.02535527558423958,-0.026932738992767533,-0.1721031214483705,0.05397699472519515
F3_n8,rms_dbfs,collapsed_factor_vs_matching_FIR_feature,,213,0.022885114966433553,0.03623042271865741,-0.03668268104400004,0.12113155274316041
F3_n8,rms_dbfs,collapsed_factor_vs_raw_feature,,213,-0.0011380276929468616,-0.008450122890775572,-0.1272188782139473,0.11187753826236443
F3_n8,rms_dbfs,individual_TENT_column_vs_raw_feature,1.5,213,-0.002306759664308775,0.005104262099937233,-0.058533098488140735,0.06935920457790787
F3_n8,rms_dbfs,individual_TENT_column_vs_raw_feature,3.0,213,0.013526690625605638,0.008098589771367916,-0.030617483489093572,0.06319617005380936
F3_n8,rms_dbfs,individual_TENT_column_vs_raw_feature,4.5,213,-0.0029550183980028106,-0.011047946389322832,-0.08831894751447987,0.04856053369884725
F3_n8,rms_dbfs,individual_TENT_column_vs_raw_feature,6.0,213,-0.008494922064077207,-0.02409223283091442,-0.1196855454747029,0.0907502110645794
F3_n8,rms_dbfs,individual_TENT_column_vs_raw_feature,7.5,213,-0.007619790811026691,-0.02371985852095756,-0.11122607264418115,0.07531615107733744
F3_n8,spectral_bandwidth_hz,collapsed_factor_vs_matching_FIR_feature,,213,0.007399229167353927,-0.0129210735741858,-0.07837852037896556,0.0994564817491303
F3_n8,spectral_bandwidth_hz,collapsed_factor_vs_raw_feature,,213,0.015498864603527271,0.006046903913657884,-0.14209514966958273,0.14187186166180504
F3_n8,spectral_bandwidth_hz,individual_TENT_column_vs_raw_feature,1.5,213,0.01863827657210281,0.011189194995794008,-0.02968792018998498,0.08415714320583265
F3_n8,spectral_bandwidth_hz,individual_TENT_column_vs_raw_feature,3.0,213,0.0016922381212668683,0.002794491774012715,-0.05786551469757402,0.026169545134603886
F3_n8,spectral_bandwidth_hz,individual_TENT_column_vs_raw_feature,4.5,213,0.011147284845571398,0.005855418514495667,-0.092738279319188,0.10952775311341734
F3_n8,spectral_bandwidth_hz,individual_TENT_column_vs_raw_feature,6.0,213,0.013483404204925368,0.002908408200806622,-0.1245045457159516,0.1369762621189053
F3_n8,spectral_bandwidth_hz,individual_TENT_column_vs_raw_feature,7.5,213,0.0012061912469653203,0.007485624173847526,-0.0869205110422593,0.1207466137685575
F3_n8,spectral_centroid_hz,collapsed_factor_vs_matching_FIR_feature,,213,-0.015329619933885824,-0.06342010586868004,-0.13672942952760367,0.09941768669120818
F3_n8,spectral_centroid_hz,collapsed_factor_vs_raw_feature,,213,-0.02219646292638116,-0.04319563399784336,-0.15551548555329286,0.14654355638018474
F3_n8,spectral_centroid_hz,individual_TENT_column_vs_raw_feature,1.5,213,0.004337432670738434,0.005695578297839275,-0.03966561630330128,0.04707851001014438
F3_n8,spectral_centroid_hz,individual_TENT_column_vs_raw_feature,3.0,213,-0.03192705266525116,-0.04114509108197565,-0.0931140684323899,0.03688931038541822
F3_n8,spectral_centroid_hz,individual_TENT_column_vs_raw_feature,4.5,213,-0.014471941574226798,-0.03544356009839106,-0.1075584682527265,0.110765558215443
F3_n8,spectral_centroid_hz,individual_TENT_column_vs_raw_feature,6.0,213,-0.010397499237710151,-0.023152655592552834,-0.14231036989145593,0.14445746847165783
F3_n8,spectral_centroid_hz,individual_TENT_column_vs_raw_feature,7.5,213,-0.0029297554607032026,-0.003353414769323099,-0.08866084202390888,0.12607552510976103
F3_n8,spectral_flatness,collapsed_factor_vs_matching_FIR_feature,,213,0.0015727758685804992,-0.018039663443779597,-0.06430748719735806,0.07702215103255763
F3_n8,spectral_flatness,collapsed_factor_vs_raw_feature,,213,0.01071600709548462,0.005058596071564762,-0.1497647839034323,0.14654680160052788
F3_n8,spectral_flatness,individual_TENT_column_vs_raw_feature,1.5,213,0.014969956362648843,0.016002210681535338,-0.029678964920836805,0.07458055760051269
F3_n8,spectral_flatness,individual_TENT_column_vs_raw_feature,3.0,213,-0.0021654638693079263,0.006735629970211351,-0.06955085574141442,0.024035483885086875
F3_n8,spectral_flatness,individual_TENT_column_vs_raw_feature,4.5,213,0.007360371584610294,-0.002313013494035786,-0.0932131081955423,0.11005826057563894
F3_n8,spectral_flatness,individual_TENT_column_vs_raw_feature,6.0,213,0.010384084429632533,0.006864810224729762,-0.13052432549852505,0.15403433572488606
F3_n8,spectral_flatness,individual_TENT_column_vs_raw_feature,7.5,213,0.0037108603585847767,0.018245194543739716,-0.08847045437406541,0.12792367335646987
F3_n8,spectral_flux,collapsed_factor_vs_matching_FIR_feature,,213,-0.006584841120522163,-0.03268503565284785,-0.05588464427263745,0.06707422153941575
F3_n8,spectral_flux,collapsed_factor_vs_raw_feature,,213,-0.011319203083674076,-0.01115604865944779,-0.1425179441704696,0.11077963265343314
F3_n8,spectral_flux,individual_TENT_column_vs_raw_feature,1.5,213,-0.01280527136899212,-0.0160722957662813,-0.03929289730778594,0.04936778696759815
F3_n8,spectral_flux,individual_TENT_column_vs_raw_feature,3.0,213,-0.010082401433620434,-0.019015870936639926,-0.0355526110762278,0.0678039452960441
F3_n8,spectral_flux,individual_TENT_column_vs_raw_feature,4.5,213,-0.006322476069416043,-0.005055546538859913,-0.10885720304153934,0.06825419039465382
F3_n8,spectral_flux,individual_TENT_column_vs_raw_feature,6.0,213,0.0017211595932355053,0.009704399203119184,-0.1274010096368883,0.08368153065247312
F3_n8,spectral_flux,individual_TENT_column_vs_raw_feature,7.5,213,-0.008135444604811708,-0.013585272004561008,-0.1193963446951959,0.03309418267058367
F3_n8,spectral_rolloff_85_hz,collapsed_factor_vs_matching_FIR_feature,,213,-0.008198446357327987,-0.05536408925489483,-0.12086821511649616,0.10789506195325867
F3_n8,spectral_rolloff_85_hz,collapsed_factor_vs_raw_feature,,213,-0.01788555283179494,-0.0426157321774815,-0.1512571587798144,0.14501304658604938
F3_n8,spectral_rolloff_85_hz,individual_TENT_column_vs_raw_feature,1.5,213,0.007649925958138417,0.0069156514397540015,-0.040903222683438704,0.05558109686162369
F3_n8,spectral_rolloff_85_hz,individual_TENT_column_vs_raw_feature,3.0,213,-0.026458091840783977,-0.04135525972316345,-0.0769094054334582,0.03736971972268779
F3_n8,spectral_rolloff_85_hz,individual_TENT_column_vs_raw_feature,4.5,213,-0.01237662576687316,-0.03523246923729214,-0.10609935535630254,0.1102425747874011
F3_n8,spectral_rolloff_85_hz,individual_TENT_column_vs_raw_feature,6.0,213,-0.008275535870619443,-0.023049733745809008,-0.14031703319159244,0.1432176224805061
F3_n8,spectral_rolloff_85_hz,individual_TENT_column_vs_raw_feature,7.5,213,-0.004536138387578889,-0.005341094275700716,-0.09039068463847277,0.12361545405893566
F3_n8,word_count_per_tr,collapsed_factor_vs_matching_FIR_feature,,213,0.058342206531803914,0.06778473616483595,-0.04933860086376641,0.17005588526642337
F3_n8,word_count_per_tr,collapsed_factor_vs_raw_feature,,213,0.004842092850722184,0.009047841129926137,-0.1420442694047418,0.10521097188691615
F3_n8,word_count_per_tr,individual_TENT_column_vs_raw_feature,1.5,213,0.022279361561230854,0.035724041832627874,-0.031181443043843023,0.12994596428903027
F3_n8,word_count_per_tr,individual_TENT_column_vs_raw_feature,3.0,213,0.021104542649083496,0.02658286412013216,-0.047339640629629406,0.06913148255441764
F3_n8,word_count_per_tr,individual_TENT_column_vs_raw_feature,4.5,213,-0.0060768806428933755,0.0025807684702916114,-0.0830342107553147,0.0557862649164277
F3_n8,word_count_per_tr,individual_TENT_column_vs_raw_feature,6.0,213,-0.00521065463137674,-0.007770655615137327,-0.1351008081614902,0.11219979313204481
F3_n8,word_count_per_tr,individual_TENT_column_vs_raw_feature,7.5,213,-0.022276381294373083,-0.01606025785235007,-0.1315881529797166,0.08630093147652833
F3_n8,zero_crossing_rate,collapsed_factor_vs_matching_FIR_feature,,213,-0.009352132477536475,-0.05502955893620232,-0.1318355054041443,0.0950688190400055
F3_n8,zero_crossing_rate,collapsed_factor_vs_raw_feature,,213,-0.014754700753070024,-0.032757948607888325,-0.15470870266150866,0.14518343047479124
F3_n8,zero_crossing_rate,individual_TENT_column_vs_raw_feature,1.5,213,0.008652717029623804,0.005440482074548381,-0.03611041712162279,0.06249344387237986
F3_n8,zero_crossing_rate,individual_TENT_column_vs_raw_feature,3.0,213,-0.026278507034523273,-0.03087929090631074,-0.09007190302251751,0.029437659774679478
F3_n8,zero_crossing_rate,individual_TENT_column_vs_raw_feature,4.5,213,-0.009339771791932553,-0.028630069072817028,-0.10836967492372016,0.11326072152633607
F3_n8,zero_crossing_rate,individual_TENT_column_vs_raw_feature,6.0,213,-0.00664078264052214,-0.017887409024834607,-0.14233634002802836,0.13219152333279896
F3_n8,zero_crossing_rate,individual_TENT_column_vs_raw_feature,7.5,213,-0.0009815782874465881,0.001290397173642776,-0.08950849909620925,0.12051026918973769
F4_n8,peak_amplitude,collapsed_factor_vs_matching_FIR_feature,,213,0.05451248955459661,0.07722015407564693,-0.05234639057414239,0.21065814239682557
F4_n8,peak_amplitude,collapsed_factor_vs_raw_feature,,213,0.00928629020521169,0.017751119296377953,-0.05921555311206832,0.0586162366994424
F4_n8,peak_amplitude,individual_TENT_column_vs_raw_feature,1.5,213,0.028901539501018942,0.037935876728816056,-0.05277365353473784,0.1084186755165464
F4_n8,peak_amplitude,individual_TENT_column_vs_raw_feature,3.0,213,0.01910259006267217,0.01950836184177296,-0.05936023747002774,0.08836541837398171
F4_n8,peak_amplitude,individual_TENT_column_vs_raw_feature,4.5,213,-0.0029683086476127818,0.005103620983869217,-0.02411253845500726,0.0382492730798953
F4_n8,peak_amplitude,individual_TENT_column_vs_raw_feature,6.0,213,-0.00035392400867324835,-0.008039392291305503,-0.038070920117490824,0.046854678869449794
F4_n8,peak_amplitude,individual_TENT_column_vs_raw_feature,7.5,213,-0.017881279153713545,-0.031156344850282888,-0.12717093569242627,0.047847038961225004
F4_n8,rms,collapsed_factor_vs_matching_FIR_feature,,213,0.04207617967972992,0.06249193446482572,-0.06542248404695014,0.18386508541472787
F4_n8,rms,collapsed_factor_vs_raw_feature,,213,0.002840875322976369,0.009374592006496393,-0.06275416197290525,0.05316335387342215
F4_n8,rms,individual_TENT_column_vs_raw_feature,1.5,213,0.02726937200591985,0.035069893097637486,-0.0532929059269106,0.12468056625203819
F4_n8,rms,individual_TENT_column_vs_raw_feature,3.0,213,0.016451139919815866,0.01409247365788617,-0.0483427014856874,0.08123655232042538
F4_n8,rms,individual_TENT_column_vs_raw_feature,4.5,213,-0.008026016908424817,-0.0021329209888659656,-0.025028954987532277,0.0332067466551804
F4_n8,rms,individual_TENT_column_vs_raw_feature,6.0,213,-0.007698784513883146,-0.016427435519207095,-0.04199952505833922,0.05427407195417882
F4_n8,rms,individual_TENT_column_vs_raw_feature,7.5,213,-0.019105086087569657,-0.03202810603926086,-0.11840097434641149,0.04584014831955208
F4_n8,rms_dbfs,collapsed_factor_vs_matching_FIR_feature,,213,0.04916346220043606,0.09562944240619513,-0.04967145952030097,0.1728015046066269
F4_n8,rms_dbfs,collapsed_factor_vs_raw_feature,,213,0.009674437706896815,0.026372372118295052,-0.0762657845437147,0.06627028332456393
F4_n8,rms_dbfs,individual_TENT_column_vs_raw_feature,1.5,213,0.014594421214531382,0.041930310998951864,-0.04557732482129918,0.056957310413793025
F4_n8,rms_dbfs,individual_TENT_column_vs_raw_feature,3.0,213,0.018222764697201393,0.024514361188489882,-0.05124168425478983,0.06293714843684776
F4_n8,rms_dbfs,individual_TENT_column_vs_raw_feature,4.5,213,0.0057057832629477286,0.017418323323047356,-0.05199395113446873,0.04172511703721998
F4_n8,rms_dbfs,individual_TENT_column_vs_raw_feature,6.0,213,-0.003572087993134034,-0.0011728578816659185,-0.024129116107559218,0.05112655881103955
F4_n8,rms_dbfs,individual_TENT_column_vs_raw_feature,7.5,213,-0.005858740659571548,-0.019424755110164525,-0.10759980131704174,0.0424185726267506
F4_n8,spectral_bandwidth_hz,collapsed_factor_vs_matching_FIR_feature,,213,-0.01800312252113013,-0.04529880233683643,-0.05052022096474438,0.05099125571418419
F4_n8,spectral_bandwidth_hz,collapsed_factor_vs_raw_feature,,213,0.003921276820815036,-0.0014548122195745354,-0.06978847648991783,0.10889471015645218
F4_n8,spectral_bandwidth_hz,individual_TENT_column_vs_raw_feature,1.5,213,-0.010091684816845643,-0.018427398851560285,-0.044067604703890796,0.02504937038287886
F4_n8,spectral_bandwidth_hz,individual_TENT_column_vs_raw_feature,3.0,213,-0.0006195660862884121,0.009117978423594525,-0.044053747443768554,0.08206637080315624
F4_n8,spectral_bandwidth_hz,individual_TENT_column_vs_raw_feature,4.5,213,0.0027053982908735665,-0.0056372800918260526,-0.046716907507551114,0.05204169351868156
F4_n8,spectral_bandwidth_hz,individual_TENT_column_vs_raw_feature,6.0,213,0.006461693249479805,0.003108955996332834,-0.053889631152907826,0.04205448132751583
F4_n8,spectral_bandwidth_hz,individual_TENT_column_vs_raw_feature,7.5,213,0.009640808139496762,0.012369994914258636,-0.05211956309517733,0.1012232687962752
F4_n8,spectral_centroid_hz,collapsed_factor_vs_matching_FIR_feature,,213,0.002744054549675926,0.0012654318991069228,-0.07736614547837277,0.0655810616759112
F4_n8,spectral_centroid_hz,collapsed_factor_vs_raw_feature,,213,0.0028990660278674705,0.0009352158498019042,-0.06149159168170605,0.12250533473853026
F4_n8,spectral_centroid_hz,individual_TENT_column_vs_raw_feature,1.5,213,-0.011891234345258473,-0.011775061145231107,-0.07886181246889273,0.04756744785289691
F4_n8,spectral_centroid_hz,individual_TENT_column_vs_raw_feature,3.0,213,-0.007166836416358581,0.005473719528979923,-0.03484694659501753,0.08566035486085473
F4_n8,spectral_centroid_hz,individual_TENT_column_vs_raw_feature,4.5,213,0.01659799400906012,0.013258589341585868,-0.044567196525071545,0.05382240985445511
F4_n8,spectral_centroid_hz,individual_TENT_column_vs_raw_feature,6.0,213,0.0013858006127317468,5.466500138946602e-05,-0.04684791199893236,0.06684475689424767
F4_n8,spectral_centroid_hz,individual_TENT_column_vs_raw_feature,7.5,213,0.002821216263305574,0.0033632001412706304,-0.06873634562336918,0.07511885969101859
F4_n8,spectral_flatness,collapsed_factor_vs_matching_FIR_feature,,213,-0.04027884312373808,-0.05960303371828463,-0.0812834567930536,0.05215479800222811
F4_n8,spectral_flatness,collapsed_factor_vs_raw_feature,,213,-0.01248468677834272,-0.0249184304389923,-0.06061118210077084,0.11768666577530396
F4_n8,spectral_flatness,individual_TENT_column_vs_raw_feature,1.5,213,-0.015405348262787628,-0.0335614660963653,-0.0558847063228618,0.026984907592561717
F4_n8,spectral_flatness,individual_TENT_column_vs_raw_feature,3.0,213,-0.012133582720845732,-0.013512724969714113,-0.04898779408641812,0.060638517878075754
F4_n8,spectral_flatness,individual_TENT_column_vs_raw_feature,4.5,213,-0.011183214752242258,-0.018521499763793067,-0.05396767801169704,0.06380757848028422
F4_n8,spectral_flatness,individual_TENT_column_vs_raw_feature,6.0,213,-0.0015707911607066073,-0.0017167712314663053,-0.06441571919615949,0.06657343920038897
F4_n8,spectral_flatness,individual_TENT_column_vs_raw_feature,7.5,213,-0.0001852053302420782,0.004271998563961996,-0.06444351579471448,0.09241062674922748
F4_n8,spectral_flux,collapsed_factor_vs_matching_FIR_feature,,213,0.01617385919626189,0.011676110001707927,-0.040256321957999934,0.0750508059312126
F4_n8,spectral_flux,collapsed_factor_vs_raw_feature,,213,0.007689588067419062,0.01486482867793627,-0.05790759566807591,0.043308980738214056
F4_n8,spectral_flux,individual_TENT_column_vs_raw_feature,1.5,213,0.015596306445074485,0.023984007025460063,-0.008357347468351154,0.054496224282783085
F4_n8,spectral_flux,individual_TENT_column_vs_raw_feature,3.0,213,0.016861700341204534,0.01702149184281829,-0.016682358183645114,0.040336004082234436
F4_n8,spectral_flux,individual_TENT_column_vs_raw_feature,4.5,213,-0.0010861306136338326,-0.013496539914387585,-0.02947847087785766,0.04152398398004193
F4_n8,spectral_flux,individual_TENT_column_vs_raw_feature,6.0,213,-0.00829677230411347,-0.00705854139361835,-0.051994001721900746,0.04107860776638079
F4_n8,spectral_flux,individual_TENT_column_vs_raw_feature,7.5,213,0.0033259319486409183,0.00461765908197097,-0.09337304337429653,0.05613475776916331
F4_n8,spectral_rolloff_85_hz,collapsed_factor_vs_matching_FIR_feature,,213,0.003829603572783014,-0.0011581772483866925,-0.06797935702826949,0.06130183948766845
F4_n8,spectral_rolloff_85_hz,collapsed_factor_vs_raw_feature,,213,0.007004613653460629,0.006786404303450638,-0.06436931627192126,0.12365626442026702
F4_n8,spectral_rolloff_85_hz,individual_TENT_column_vs_raw_feature,1.5,213,-0.009160737605473335,-0.010252801774464117,-0.06555178601289814,0.05043672882719341
F4_n8,spectral_rolloff_85_hz,individual_TENT_column_vs_raw_feature,3.0,213,-0.0009177267135148085,0.012985942215747072,-0.03319204430896027,0.0833201144195404
F4_n8,spectral_rolloff_85_hz,individual_TENT_column_vs_raw_feature,4.5,213,0.015950331429272848,0.01542204114871461,-0.04548380665533093,0.05395604793467151
F4_n8,spectral_rolloff_85_hz,individual_TENT_column_vs_raw_feature,6.0,213,0.0036313169670311274,0.005433534839601581,-0.04867611978263739,0.06925824249115466
F4_n8,spectral_rolloff_85_hz,individual_TENT_column_vs_raw_feature,7.5,213,0.004146266749798411,0.005088811850464836,-0.07643846924207114,0.07850990766923428
F4_n8,word_count_per_tr,collapsed_factor_vs_matching_FIR_feature,,213,0.02139307189534999,0.027541723246850672,-0.06969643855979077,0.11834179045571834
F4_n8,word_count_per_tr,collapsed_factor_vs_raw_feature,,213,0.017306786214359694,0.02445670970553667,-0.036396765538327935,0.05251676775591616
F4_n8,word_count_per_tr,individual_TENT_column_vs_raw_feature,1.5,213,0.012984584837287911,0.028400631407476496,-0.07724221980946543,0.07996029975785611
F4_n8,word_count_per_tr,individual_TENT_column_vs_raw_feature,3.0,213,0.01656309330577671,0.02596292587093725,-0.030089428355825044,0.07726788502908119
F4_n8,word_count_per_tr,individual_TENT_column_vs_raw_feature,4.5,213,0.0003859627821223127,0.0039048566492929358,-0.03792612493336353,0.04742547379106589
F4_n8,word_count_per_tr,individual_TENT_column_vs_raw_feature,6.0,213,0.01429263057081858,0.01638857464975754,-0.05759167687612698,0.08716163897006396
F4_n8,word_count_per_tr,individual_TENT_column_vs_raw_feature,7.5,213,0.006556673761647412,-0.00789321845411449,-0.09299767051896549,0.05801159795680874
F4_n8,zero_crossing_rate,collapsed_factor_vs_matching_FIR_feature,,213,-0.0024605155076395176,-0.017317780762659562,-0.06265770945792068,0.06592873054838963
F4_n8,zero_crossing_rate,collapsed_factor_vs_raw_feature,,213,0.0016212036645365522,-0.002244231929794418,-0.06320469635609956,0.11352268624151929
F4_n8,zero_crossing_rate,individual_TENT_column_vs_raw_feature,1.5,213,-0.010797994467233452,-0.015885469719950807,-0.07138123199347801,0.03708538568683094
F4_n8,zero_crossing_rate,individual_TENT_column_vs_raw_feature,3.0,213,-0.007144803551981656,0.0023571363048505802,-0.038073760915686025,0.09143701912513588
F4_n8,zero_crossing_rate,individual_TENT_column_vs_raw_feature,4.5,213,0.01385874319135352,0.007538546483241645,-0.046600207151760026,0.05806842248032162
F4_n8,zero_crossing_rate,individual_TENT_column_vs_raw_feature,6.0,213,0.0010056843534312608,0.003169872638549521,-0.04759603625406681,0.05622631348589368
F4_n8,zero_crossing_rate,individual_TENT_column_vs_raw_feature,7.5,213,0.0018594578996752932,0.00423171080178917,-0.06732992654796476,0.07328445437642199
F5_n8,peak_amplitude,collapsed_factor_vs_matching_FIR_feature,,213,0.010415978001968175,0.003580698198547238,-0.1356442050850676,0.062207574410689775
F5_n8,peak_amplitude,collapsed_factor_vs_raw_feature,,213,-0.011793792531923796,-0.02207112151049869,-0.07512809140452946,0.04010075222543272
F5_n8,peak_amplitude,individual_TENT_column_vs_raw_feature,1.5,213,0.01950250905703389,0.023903594047008876,-0.04140030130003365,0.0866929216330823
F5_n8,peak_amplitude,individual_TENT_column_vs_raw_feature,3.0,213,0.016587424284509805,-0.0020059499281047835,-0.07380963579698652,0.06474600269483823
F5_n8,peak_amplitude,individual_TENT_column_vs_raw_feature,4.5,213,-0.010619022094144136,-0.0025671160006855596,-0.08961896682966297,0.029691860194424633
F5_n8,peak_amplitude,individual_TENT_column_vs_raw_feature,6.0,213,-0.031383567360306515,-0.032614861032836596,-0.07358755542124376,0.02659652652638079
F5_n8,peak_amplitude,individual_TENT_column_vs_raw_feature,7.5,213,-0.024491129401627273,-0.026738456995740647,-0.05730746014819022,0.014111223488910288
F5_n8,rms,collapsed_factor_vs_matching_FIR_feature,,213,0.0025165362893067866,-0.002238081019575292,-0.15081437068410888,0.06200934051872337
F5_n8,rms,collapsed_factor_vs_raw_feature,,213,-0.011043192848298234,-0.022587384433349553,-0.06938925526129841,0.05421279359387823
F5_n8,rms,individual_TENT_column_vs_raw_feature,1.5,213,0.017063879566389013,0.021488140571143517,-0.03648212713483934,0.07871691625404374
F5_n8,rms,individual_TENT_column_vs_raw_feature,3.0,213,0.014604618646974417,-0.0017719941126840308,-0.07197730014437283,0.07173244994108854
F5_n8,rms,individual_TENT_column_vs_raw_feature,4.5,213,-0.008547635922803408,-0.0041938907687486945,-0.08154465014793129,0.03592009122899483
F5_n8,rms,individual_TENT_column_vs_raw_feature,6.0,213,-0.02920307576960676,-0.03174843355346635,-0.08094189429202449,0.027879356333160712
F5_n8,rms,individual_TENT_column_vs_raw_feature,7.5,213,-0.022442417821932212,-0.030471811709293306,-0.05204626774400547,0.027259044054919503
F5_n8,rms_dbfs,collapsed_factor_vs_matching_FIR_feature,,213,0.0238919445623344,0.03711898687020433,-0.04074599858870307,0.09437899874997774
F5_n8,rms_dbfs,collapsed_factor_vs_raw_feature,,213,0.0012598022278045601,-0.0024680016717725586,-0.10787886946744717,0.07217480251615119
F5_n8,rms_dbfs,individual_TENT_column_vs_raw_feature,1.5,213,0.022355371734957927,0.036599246969542344,-0.024095307646071085,0.10013525612234234
F5_n8,rms_dbfs,individual_TENT_column_vs_raw_feature,3.0,213,0.02264263301048983,0.013909836580127838,-0.07196773313192037,0.08721144012709446
F5_n8,rms_dbfs,individual_TENT_column_vs_raw_feature,4.5,213,-0.003946186637780007,0.02117122166590985,-0.09319072072740206,0.05962599614464363
F5_n8,rms_dbfs,individual_TENT_column_vs_raw_feature,6.0,213,-0.016907177934045017,-0.01605439359411107,-0.06105025288626565,0.01962696406211736
F5_n8,rms_dbfs,individual_TENT_column_vs_raw_feature,7.5,213,-0.017487608600423584,-0.021419908622662787,-0.07236626516481892,0.024539309995990407
F5_n8,spectral_bandwidth_hz,collapsed_factor_vs_matching_FIR_feature,,213,-0.00814573654924973,-0.025949402574816482,-0.08509894083986963,0.07967946605784709
F5_n8,spectral_bandwidth_hz,collapsed_factor_vs_raw_feature,,213,0.01395344034623952,0.008348007866901045,-0.038893579411978615,0.10358418779814416
F5_n8,spectral_bandwidth_hz,individual_TENT_column_vs_raw_feature,1.5,213,-0.016783873702169588,-0.021933579218099405,-0.08906604843941056,0.03659347489960294
F5_n8,spectral_bandwidth_hz,individual_TENT_column_vs_raw_feature,3.0,213,0.004729193972257753,0.003052783018050149,-0.02623528699399027,0.06539562670804001
F5_n8,spectral_bandwidth_hz,individual_TENT_column_vs_raw_feature,4.5,213,0.01652126254331885,-0.010234483381869955,-0.03460113490715003,0.09485026308004234
F5_n8,spectral_bandwidth_hz,individual_TENT_column_vs_raw_feature,6.0,213,0.012906171852529917,0.006176867259965759,-0.056961301582643536,0.06041098895144102
F5_n8,spectral_bandwidth_hz,individual_TENT_column_vs_raw_feature,7.5,213,0.015340361951698148,0.008004012631938163,-0.019756908726302237,0.07866114766346323
F5_n8,spectral_centroid_hz,collapsed_factor_vs_matching_FIR_feature,,213,0.04563290716871343,0.046990293895142934,-0.029247843143307112,0.1915864284446496
F5_n8,spectral_centroid_hz,collapsed_factor_vs_raw_feature,,213,0.02125551666321989,0.006260760917276245,-0.07368292849324869,0.11403697882435365
F5_n8,spectral_centroid_hz,individual_TENT_column_vs_raw_feature,1.5,213,-0.017471666206886775,-0.027411740068277648,-0.07407870463539706,0.02364763669101348
F5_n8,spectral_centroid_hz,individual_TENT_column_vs_raw_feature,3.0,213,0.01492428982661875,0.0029353615300528545,-0.05343926522644143,0.07280991320706505
F5_n8,spectral_centroid_hz,individual_TENT_column_vs_raw_feature,4.5,213,0.024172746559783378,0.001734357231857171,-0.028112506884829604,0.07602197573501045
F5_n8,spectral_centroid_hz,individual_TENT_column_vs_raw_feature,6.0,213,0.020898267986656064,0.016763197031952882,-0.03990801378852548,0.06603092439101266
F5_n8,spectral_centroid_hz,individual_TENT_column_vs_raw_feature,7.5,213,0.006494498566522249,-0.006478073138847035,-0.043276388827764585,0.08064597133856981
F5_n8,spectral_flatness,collapsed_factor_vs_matching_FIR_feature,,213,-0.04020853470764221,-0.06280088934726628,-0.12831322303283213,0.047477334345635475
F5_n8,spectral_flatness,collapsed_factor_vs_raw_feature,,213,-0.010606078268509346,-0.017821939819749867,-0.09753565464713745,0.12789100319377095
F5_n8,spectral_flatness,individual_TENT_column_vs_raw_feature,1.5,213,-0.022332379585210786,-0.041995940213432746,-0.1096409371584034,0.026436048586107243
F5_n8,spectral_flatness,individual_TENT_column_vs_raw_feature,3.0,213,-0.017402219479582752,-0.023582158247557505,-0.08712498386009038,0.07534953091975093
F5_n8,spectral_flatness,individual_TENT_column_vs_raw_feature,4.5,213,0.0026132692362554793,-0.02904970843821156,-0.10164023820768286,0.09125011684632753
F5_n8,spectral_flatness,individual_TENT_column_vs_raw_feature,6.0,213,0.0005506249942877844,-0.004156447667225101,-0.09299574291617804,0.07549021810851028
F5_n8,spectral_flatness,individual_TENT_column_vs_raw_feature,7.5,213,0.0010355258338312363,-0.01065571759729967,-0.05822239488288127,0.0889587135226709
F5_n8,spectral_flux,collapsed_factor_vs_matching_FIR_feature,,213,-0.023527867101163096,-0.06277167107091854,-0.07492600000718998,0.047525924808073015
F5_n8,spectral_flux,collapsed_factor_vs_raw_feature,,213,-0.024339024788463188,-0.03332495769881992,-0.0785850276603075,0.01635749053740449
F5_n8,spectral_flux,individual_TENT_column_vs_raw_feature,1.5,213,-0.011194017688242637,-0.027929121899055515,-0.041560982616958196,0.029582582497057006
F5_n8,spectral_flux,individual_TENT_column_vs_raw_feature,3.0,213,-0.018041824370160685,-0.03600820151401475,-0.06436711186571406,0.03326057465613898
F5_n8,spectral_flux,individual_TENT_column_vs_raw_feature,4.5,213,-0.023805702839076567,-0.03714615290300807,-0.09619340823736203,0.017885679227006058
F5_n8,spectral_flux,individual_TENT_column_vs_raw_feature,6.0,213,-0.01167716956339228,-0.008481716351079645,-0.048776694575080964,0.016805528113907786
F5_n8,spectral_flux,individual_TENT_column_vs_raw_feature,7.5,213,0.0016307924465175558,0.005491008749136078,-0.06282978172203842,0.03923018272894863
F5_n8,spectral_rolloff_85_hz,collapsed_factor_vs_matching_FIR_feature,,213,0.04012242200126069,0.03853370120440384,-0.023544989554189436,0.17242737200539243
F5_n8,spectral_rolloff_85_hz,collapsed_factor_vs_raw_feature,,213,0.021340391981835825,0.00683286086795597,-0.06700853192275351,0.11169085764652943
F5_n8,spectral_rolloff_85_hz,individual_TENT_column_vs_raw_feature,1.5,213,-0.016626276512335367,-0.027829509626201766,-0.057759618167133694,0.023989224035821006
F5_n8,spectral_rolloff_85_hz,individual_TENT_column_vs_raw_feature,3.0,213,0.016604742309628745,0.0013828254481514548,-0.049757192685798556,0.0689353176220336
F5_n8,spectral_rolloff_85_hz,individual_TENT_column_vs_raw_feature,4.5,213,0.022747445475825485,-0.0010865891715739306,-0.03297781947492386,0.07660690923577367
F5_n8,spectral_rolloff_85_hz,individual_TENT_column_vs_raw_feature,6.0,213,0.020005083937237975,0.015597521403718404,-0.03568778247059478,0.06595535205009975
F5_n8,spectral_rolloff_85_hz,individual_TENT_column_vs_raw_feature,7.5,213,0.006784593835519543,-0.008193202151909058,-0.03835885984207696,0.0784423609383543
F5_n8,word_count_per_tr,collapsed_factor_vs_matching_FIR_feature,,213,-0.011381851379965873,-0.028210853792952288,-0.08848355465524775,0.02382624625311414
F5_n8,word_count_per_tr,collapsed_factor_vs_raw_feature,,213,-0.009006408332724772,-0.019062345019359946,-0.07638920072650243,0.047853371802557505
F5_n8,word_count_per_tr,individual_TENT_column_vs_raw_feature,1.5,213,0.019932770531923726,0.009620339851689332,-0.036795121079391875,0.05238468080484124
F5_n8,word_count_per_tr,individual_TENT_column_vs_raw_feature,3.0,213,0.005602922149220834,-0.016108755615344594,-0.028464624873068622,0.02864276318349781
F5_n8,word_count_per_tr,individual_TENT_column_vs_raw_feature,4.5,213,-0.014837487410602458,-0.013538553920362432,-0.04853377096108308,0.020358919849642422
F5_n8,word_count_per_tr,individual_TENT_column_vs_raw_feature,6.0,213,-0.01743424212406425,-0.02814004672289531,-0.06567894204654534,0.05703191197162308
F5_n8,word_count_per_tr,individual_TENT_column_vs_raw_feature,7.5,213,-0.013970188545323012,-0.018775430896004787,-0.11767358644074086,0.05653274173653174
F5_n8,zero_crossing_rate,collapsed_factor_vs_matching_FIR_feature,,213,0.03457060264004536,0.03027349616476823,-0.04636663833826457,0.14239890446385792
F5_n8,zero_crossing_rate,collapsed_factor_vs_raw_feature,,213,0.016129248453967425,0.0035193269979365625,-0.07071744575548015,0.10714985508282282
F5_n8,zero_crossing_rate,individual_TENT_column_vs_raw_feature,1.5,213,-0.02488104495410744,-0.036361071017228026,-0.0785196240658858,0.02247737628566625
F5_n8,zero_crossing_rate,individual_TENT_column_vs_raw_feature,3.0,213,0.007947562207813237,-0.0039846148409418665,-0.05549080702708143,0.07052340808080797
F5_n8,zero_crossing_rate,individual_TENT_column_vs_raw_feature,4.5,213,0.023707418658037185,0.0015259837316892024,-0.023581254345742347,0.07663130026669708
F5_n8,zero_crossing_rate,individual_TENT_column_vs_raw_feature,6.0,213,0.021111323486328375,0.015948620205452492,-0.04407282067817354,0.07243871210235064
F5_n8,zero_crossing_rate,individual_TENT_column_vs_raw_feature,7.5,213,0.00550958814994651,-0.0004171923732931904,-0.04989172354342453,0.076821766493235
F6_n8,peak_amplitude,collapsed_factor_vs_matching_FIR_feature,,213,0.007923397546534252,0.020574475199073388,-0.10470627189008108,0.12167391748091166
F6_n8,peak_amplitude,collapsed_factor_vs_raw_feature,,213,-0.017851974871523707,-0.011256913302315128,-0.051893612876826194,0.12184905331573195
F6_n8,peak_amplitude,individual_TENT_column_vs_raw_feature,1.5,213,-0.005701765150558618,0.006476210571125231,-0.08989513610985024,0.025830660196405213
F6_n8,peak_amplitude,individual_TENT_column_vs_raw_feature,3.0,213,-0.014047029944463198,-0.004853782322638831,-0.077974241976446,0.082108786240963
F6_n8,peak_amplitude,individual_TENT_column_vs_raw_feature,4.5,213,-0.004713206386301652,-0.0016586629461083353,-0.049844039698201045,0.07580886175626685
F6_n8,peak_amplitude,individual_TENT_column_vs_raw_feature,6.0,213,-0.006596012184865169,-0.010022474125206444,-0.04483156070040035,0.10497941760218059
F6_n8,peak_amplitude,individual_TENT_column_vs_raw_feature,7.5,213,-0.026008895980325613,-0.02735980193819527,-0.08953643946163431,0.07991590268859752
F6_n8,rms,collapsed_factor_vs_matching_FIR_feature,,213,-0.002645288044974012,0.0038052465814940248,-0.09574146748753566,0.08700217830858953
F6_n8,rms,collapsed_factor_vs_raw_feature,,213,-0.019490444987514705,-0.01202566632551241,-0.06355755323013694,0.11629379633242817
F6_n8,rms,individual_TENT_column_vs_raw_feature,1.5,213,-0.011633944696230938,0.0028924033851487163,-0.08600237602472095,0.02134734891679913
F6_n8,rms,individual_TENT_column_vs_raw_feature,3.0,213,-0.014656692508408906,-0.007355253082738426,-0.08109332600842624,0.08413297574403267
F6_n8,rms,individual_TENT_column_vs_raw_feature,4.5,213,-0.0027447824639913916,0.0003988539197740614,-0.06259437127062863,0.06972066380984618
F6_n8,rms,individual_TENT_column_vs_raw_feature,6.0,213,-0.00745560784108133,-0.009708255914595164,-0.048635217322670926,0.10090548346291923
F6_n8,rms,individual_TENT_column_vs_raw_feature,7.5,213,-0.02709255448032296,-0.025435590165687867,-0.10057196751912952,0.08055042372404668
F6_n8,rms_dbfs,collapsed_factor_vs_matching_FIR_feature,,213,0.02898383297485615,0.06240216863980063,-0.04468642782437729,0.10919874060291225
F6_n8,rms_dbfs,collapsed_factor_vs_raw_feature,,213,-0.016761970988259416,-0.007172688462315184,-0.07023588967693267,0.10410410451314217
F6_n8,rms_dbfs,individual_TENT_column_vs_raw_feature,1.5,213,-0.010179961533073847,-0.002225599071328742,-0.06346400538083215,0.036115675477576104
F6_n8,rms_dbfs,individual_TENT_column_vs_raw_feature,3.0,213,-0.016061689603721077,-0.003536780902434995,-0.04870013726459455,0.046347064597305615
F6_n8,rms_dbfs,individual_TENT_column_vs_raw_feature,4.5,213,0.000838056627616639,0.0051151854579368555,-0.04541821446629057,0.08979392697743883
F6_n8,rms_dbfs,individual_TENT_column_vs_raw_feature,6.0,213,-0.004842204735233702,-0.0019920089536131823,-0.058169563638318315,0.0966091175585466
F6_n8,rms_dbfs,individual_TENT_column_vs_raw_feature,7.5,213,-0.024886622840293512,-0.016993740535659965,-0.06944860253013299,0.06031722002980899
F6_n8,spectral_bandwidth_hz,collapsed_factor_vs_matching_FIR_feature,,213,-0.031332156214261116,-0.06380891557604096,-0.10217248346856073,0.05840233946671405
F6_n8,spectral_bandwidth_hz,collapsed_factor_vs_raw_feature,,213,0.02898927149593901,0.020309863216443635,-0.09311926996600582,0.10340046865841383
F6_n8,spectral_bandwidth_hz,individual_TENT_column_vs_raw_feature,1.5,213,0.013847321324357195,0.008911733827113057,-0.03232333862449716,0.07206609174923188
F6_n8,spectral_bandwidth_hz,individual_TENT_column_vs_raw_feature,3.0,213,0.021858852565256028,0.015450852370381908,-0.03898710452024071,0.0862158007749249
F6_n8,spectral_bandwidth_hz,individual_TENT_column_vs_raw_feature,4.5,213,0.016389654842872213,0.022768227076624757,-0.08621151436821017,0.05511943103349999
F6_n8,spectral_bandwidth_hz,individual_TENT_column_vs_raw_feature,6.0,213,0.01118710830756363,0.001314425012829703,-0.09410321653099571,0.07814309273740822
F6_n8,spectral_bandwidth_hz,individual_TENT_column_vs_raw_feature,7.5,213,0.02545147283145383,0.0065391364411869,-0.05065440017001742,0.07001018731696461
F6_n8,spectral_centroid_hz,collapsed_factor_vs_matching_FIR_feature,,213,-0.01509359242580351,-0.0514580209611601,-0.10562518898922789,0.09024498282808616
F6_n8,spectral_centroid_hz,collapsed_factor_vs_raw_feature,,213,0.02195897688566979,0.019459423515246946,-0.09368918924735567,0.11437984649465634
F6_n8,spectral_centroid_hz,individual_TENT_column_vs_raw_feature,1.5,213,-0.0010688036916484643,0.0034420215732729863,-0.05079371263371473,0.04595156618153224
F6_n8,spectral_centroid_hz,individual_TENT_column_vs_raw_feature,3.0,213,0.00622287998165913,-0.0057668940145325425,-0.05652884216618407,0.09696741096498206
F6_n8,spectral_centroid_hz,individual_TENT_column_vs_raw_feature,4.5,213,0.010184696907852212,0.012103232761795625,-0.08863919576658963,0.06739058993682788
F6_n8,spectral_centroid_hz,individual_TENT_column_vs_raw_feature,6.0,213,0.02184751630300632,0.015599188975472553,-0.09683891269092966,0.08942225550628483
F6_n8,spectral_centroid_hz,individual_TENT_column_vs_raw_feature,7.5,213,0.02969104277480755,0.028400855272642307,-0.04747064901260131,0.0742587411649514
F6_n8,spectral_flatness,collapsed_factor_vs_matching_FIR_feature,,213,-0.027627231093554486,-0.049503593254850736,-0.1350770983552106,0.06317944355915299
F6_n8,spectral_flatness,collapsed_factor_vs_raw_feature,,213,0.025932363759873095,0.006842277645939454,-0.08965094399195318,0.10899814568726847
F6_n8,spectral_flatness,individual_TENT_column_vs_raw_feature,1.5,213,0.023472272014451488,0.01575925589600218,-0.037058924963324566,0.051510357177192934
F6_n8,spectral_flatness,individual_TENT_column_vs_raw_feature,3.0,213,0.030596853533167958,0.01232083624081739,-0.0413440226562395,0.08178919025729776
F6_n8,spectral_flatness,individual_TENT_column_vs_raw_feature,4.5,213,0.01509977808927182,-1.5222749091698899e-05,-0.08592979976979945,0.05857741980833152
F6_n8,spectral_flatness,individual_TENT_column_vs_raw_feature,6.0,213,-0.0028754207101184984,-0.004640578932039408,-0.09994785984989592,0.07675181435069041
F6_n8,spectral_flatness,individual_TENT_column_vs_raw_feature,7.5,213,0.013685061852298083,-0.00525647763283871,-0.05377159831828027,0.06696020240551129
F6_n8,spectral_flux,collapsed_factor_vs_matching_FIR_feature,,213,-0.02611013124093301,-0.06723037781426833,-0.09473154199066967,0.04462412633623916
F6_n8,spectral_flux,collapsed_factor_vs_raw_feature,,213,-0.01584305592137538,-0.01981040885692472,-0.06173491874426146,0.07031169972095401
F6_n8,spectral_flux,individual_TENT_column_vs_raw_feature,1.5,213,-0.007643832212110763,-0.019701447104003015,-0.031980359117351816,0.027987490498293716
F6_n8,spectral_flux,individual_TENT_column_vs_raw_feature,3.0,213,-0.009219151852751548,-0.008737230116638092,-0.05168440638934556,0.032346474641237306
F6_n8,spectral_flux,individual_TENT_column_vs_raw_feature,4.5,213,-0.010743604655153956,-0.023347583261889838,-0.04645965640851435,0.0622950872910474
F6_n8,spectral_flux,individual_TENT_column_vs_raw_feature,6.0,213,-0.014799435241705019,-0.01971361283278614,-0.06564171059086157,0.061874376796615796
F6_n8,spectral_flux,individual_TENT_column_vs_raw_feature,7.5,213,-0.0036661085819597447,0.0005897149840762441,-0.06362697794383879,0.05133017109404238
F6_n8,spectral_rolloff_85_hz,collapsed_factor_vs_matching_FIR_feature,,213,-0.011494883882944985,-0.045448005137907255,-0.08523408581700985,0.09523166147043764
F6_n8,spectral_rolloff_85_hz,collapsed_factor_vs_raw_feature,,213,0.025835323008974065,0.019643329214454126,-0.09490091207483625,0.11591122749219165
F6_n8,spectral_rolloff_85_hz,individual_TENT_column_vs_raw_feature,1.5,213,0.004575602408696461,0.007965007881279343,-0.03414306594111491,0.050906628506554766
F6_n8,spectral_rolloff_85_hz,individual_TENT_column_vs_raw_feature,3.0,213,0.010618394082821241,-0.0013212189493384176,-0.04558823826027881,0.0991697549825538
F6_n8,spectral_rolloff_85_hz,individual_TENT_column_vs_raw_feature,4.5,213,0.012024098048276945,0.012776629826339736,-0.0892019284703586,0.06549942526052954
F6_n8,spectral_rolloff_85_hz,individual_TENT_column_vs_raw_feature,6.0,213,0.02311510205632163,0.013928863256357487,-0.09642164087960216,0.08642714761172746
F6_n8,spectral_rolloff_85_hz,individual_TENT_column_vs_raw_feature,7.5,213,0.028073193929875,0.02495553822987783,-0.048269786060877645,0.07225945339311869
F6_n8,word_count_per_tr,collapsed_factor_vs_matching_FIR_feature,,213,0.04253624851906404,0.05059081188734428,-0.02518074879564231,0.08089862885246657
F6_n8,word_count_per_tr,collapsed_factor_vs_raw_feature,,213,-0.01033387970735201,-0.01061763373947236,-0.06465966736379261,0.08872899504894521
F6_n8,word_count_per_tr,individual_TENT_column_vs_raw_feature,1.5,213,-0.003037364016474865,-0.0013467638949566983,-0.13209468174019592,0.05702479505090216
F6_n8,word_count_per_tr,individual_TENT_column_vs_raw_feature,3.0,213,-0.01714211474412553,-0.013015815159992266,-0.0689425300820582,0.040732946321247555
F6_n8,word_count_per_tr,individual_TENT_column_vs_raw_feature,4.5,213,0.007965304494775758,0.003409416125530427,-0.03397955686882321,0.05875660210657378
F6_n8,word_count_per_tr,individual_TENT_column_vs_raw_feature,6.0,213,-0.008372644328168833,-0.010349320258221559,-0.07687889058092529,0.10889912416178123
F6_n8,word_count_per_tr,individual_TENT_column_vs_raw_feature,7.5,213,-0.010398583066976058,-0.0019391881082533088,-0.06404670320300003,0.036214954712791014
F6_n8,zero_crossing_rate,collapsed_factor_vs_matching_FIR_feature,,213,-0.02405977431353893,-0.07017007885896366,-0.10732193126912573,0.0705187668035839
F6_n8,zero_crossing_rate,collapsed_factor_vs_raw_feature,,213,0.022492881445770326,0.020998414593191034,-0.09162666918721891,0.11520396481029539
F6_n8,zero_crossing_rate,individual_TENT_column_vs_raw_feature,1.5,213,-0.001342699585757837,0.0005659072113260707,-0.04057842940985736,0.03430309761162277
F6_n8,zero_crossing_rate,individual_TENT_column_vs_raw_feature,3.0,213,0.005820660408124245,-0.007819992232804482,-0.054856363513858336,0.09840538909492975
F6_n8,zero_crossing_rate,individual_TENT_column_vs_raw_feature,4.5,213,0.010587639758884427,0.013785439099300556,-0.09066678362999774,0.06810746448447365
F6_n8,zero_crossing_rate,individual_TENT_column_vs_raw_feature,6.0,213,0.023142922693717725,0.019521156571148494,-0.08469588136006065,0.09344457795884062
F6_n8,zero_crossing_rate,individual_TENT_column_vs_raw_feature,7.5,213,0.030471554167475056,0.0322574359337714,-0.03861916345739891,0.07216497289291603
F7_n8,peak_amplitude,collapsed_factor_vs_matching_FIR_feature,,213,0.036327293726235714,0.061089497961766846,-0.024949780582064717,0.1914250797653586
F7_n8,peak_amplitude,collapsed_factor_vs_raw_feature,,213,0.010964252911588214,0.010811495472786103,-0.035007950943531,0.06721054388989106
F7_n8,peak_amplitude,individual_TENT_column_vs_raw_feature,1.5,213,0.011892190904678981,0.010663535757625391,-0.055057904337123736,0.1402088246969505
F7_n8,peak_amplitude,individual_TENT_column_vs_raw_feature,3.0,213,0.017041242568540112,0.008529824317616392,-0.03316660385466256,0.0937442664868704
F7_n8,peak_amplitude,individual_TENT_column_vs_raw_feature,4.5,213,-0.0012491767792021716,0.007145236211740102,-0.04167132903639221,0.10296414914237102
F7_n8,peak_amplitude,individual_TENT_column_vs_raw_feature,6.0,213,0.012756123609357335,0.013404036629792192,-0.01923772595384239,0.0714168414826088
F7_n8,peak_amplitude,individual_TENT_column_vs_raw_feature,7.5,213,-0.012777017970729566,-0.01266653661856609,-0.08263679394048529,0.03309942876135708
F7_n8,rms,collapsed_factor_vs_matching_FIR_feature,,213,0.030929235372382895,0.05364064853134533,-0.024588180858733263,0.18774471863409778
F7_n8,rms,collapsed_factor_vs_raw_feature,,213,0.007755791283816309,0.008473482756999962,-0.03327510054814189,0.06644067047962274
F7_n8,rms,individual_TENT_column_vs_raw_feature,1.5,213,0.012737042971445534,0.011630033710579241,-0.06063337553150714,0.15801501597527007
F7_n8,rms,individual_TENT_column_vs_raw_feature,3.0,213,0.011755332040514556,0.00488037194670011,-0.037017615248243915,0.08255879268724554
F7_n8,rms,individual_TENT_column_vs_raw_feature,4.5,213,-0.003987281489991824,0.002570140381558505,-0.034977357000254054,0.10173412881301339
F7_n8,rms,individual_TENT_column_vs_raw_feature,6.0,213,0.010484059839395866,0.011660584498397356,-0.02414216842579811,0.059266150917745175
F7_n8,rms,individual_TENT_column_vs_raw_feature,7.5,213,-0.011073388280154283,-0.01258820296676784,-0.06013288154219541,0.029491768726549007
F7_n8,rms_dbfs,collapsed_factor_vs_matching_FIR_feature,,213,0.015459628432042098,0.053255947270680046,-0.023279430070862306,0.07770863531133894
F7_n8,rms_dbfs,collapsed_factor_vs_raw_feature,,213,-0.00015965570978419033,-0.00048360493632642156,-0.03328140661170173,0.0284588038403586
F7_n8,rms_dbfs,individual_TENT_column_vs_raw_feature,1.5,213,-0.0011715009705123745,-0.0005307026451646493,-0.03508117992456327,0.06743356441180406
F7_n8,rms_dbfs,individual_TENT_column_vs_raw_feature,3.0,213,0.005769124528054277,0.003428284280156383,-0.027963108007888645,0.07393195339938873
F7_n8,rms_dbfs,individual_TENT_column_vs_raw_feature,4.5,213,-0.0009524583702813707,0.007605992950200156,-0.02317049157695669,0.047974967259167445
F7_n8,rms_dbfs,individual_TENT_column_vs_raw_feature,6.0,213,0.0037608197853506967,0.003032938338167195,-0.04582279714364576,0.07470733655879108
F7_n8,rms_dbfs,individual_TENT_column_vs_raw_feature,7.5,213,-0.011334972568540814,-0.011503648664393483,-0.06661753891326759,0.05985344389898694
F7_n8,spectral_bandwidth_hz,collapsed_factor_vs_matching_FIR_feature,,213,-0.01369357116216383,-0.025045544877643395,-0.06130206818474451,0.02501067977022182
F7_n8,spectral_bandwidth_hz,collapsed_factor_vs_raw_feature,,213,0.022791207037840832,0.017869038476264146,-0.025878003274098952,0.09512306453602094
F7_n8,spectral_bandwidth_hz,individual_TENT_column_vs_raw_feature,1.5,213,0.0007017048536437415,-0.013298605549728126,-0.06575846802224677,0.05294167373096035
F7_n8,spectral_bandwidth_hz,individual_TENT_column_vs_raw_feature,3.0,213,0.0012963144746827079,0.0020190983867286725,-0.043666909450112104,0.035664599707456376
F7_n8,spectral_bandwidth_hz,individual_TENT_column_vs_raw_feature,4.5,213,0.02884591112186038,0.02825812102655454,-0.018751020788332115,0.0840212677460128
F7_n8,spectral_bandwidth_hz,individual_TENT_column_vs_raw_feature,6.0,213,0.017344209227722018,0.005905513407073172,-0.07564963633111464,0.056133771408317844
F7_n8,spectral_bandwidth_hz,individual_TENT_column_vs_raw_feature,7.5,213,0.016265383220719087,-0.004193204162576476,-0.06964277143365867,0.10076616461969934
F7_n8,spectral_centroid_hz,collapsed_factor_vs_matching_FIR_feature,,213,-0.011914762757402482,-0.011157793232635771,-0.0585784495888451,0.013469661309177048
F7_n8,spectral_centroid_hz,collapsed_factor_vs_raw_feature,,213,0.01752001828483617,0.023109874789483478,-0.037952129821741454,0.0814935123666462
F7_n8,spectral_centroid_hz,individual_TENT_column_vs_raw_feature,1.5,213,-0.0017873240316798118,-0.00026293007031168413,-0.03861502104359565,0.042121122379991945
F7_n8,spectral_centroid_hz,individual_TENT_column_vs_raw_feature,3.0,213,-0.0008514637053227794,0.004740134164781271,-0.04807584824555386,0.03975399109846391
F7_n8,spectral_centroid_hz,individual_TENT_column_vs_raw_feature,4.5,213,0.013259953760493473,0.030185812735017453,-0.018549490058338627,0.06660702773362373
F7_n8,spectral_centroid_hz,individual_TENT_column_vs_raw_feature,6.0,213,0.022226134183270525,0.027088883684573233,-0.07741832649154563,0.0768399739416107
F7_n8,spectral_centroid_hz,individual_TENT_column_vs_raw_feature,7.5,213,0.017293540622245095,-0.005307191375864784,-0.0920828487471288,0.10720189843209459
F7_n8,spectral_flatness,collapsed_factor_vs_matching_FIR_feature,,213,-0.002539872703157788,-0.0013423062431986586,-0.04366815290321248,0.0350296327279777
F7_n8,spectral_flatness,collapsed_factor_vs_raw_feature,,213,0.022290708193228394,0.03525052336967983,-0.017059591245756327,0.07202951610225543
F7_n8,spectral_flatness,individual_TENT_column_vs_raw_feature,1.5,213,0.02191868038864898,0.01266721979181591,-0.03471663073381157,0.07007885264005698
F7_n8,spectral_flatness,individual_TENT_column_vs_raw_feature,3.0,213,0.019401951597509487,0.026387427723339768,-0.05938907417342573,0.08632639454568548
F7_n8,spectral_flatness,individual_TENT_column_vs_raw_feature,4.5,213,0.017332180073944534,0.012826330522285533,-0.020254451778195827,0.05587064407683816
F7_n8,spectral_flatness,individual_TENT_column_vs_raw_feature,6.0,213,0.0016189219981128733,0.0073670190792924995,-0.07303440275616006,0.0606263676081184
F7_n8,spectral_flatness,individual_TENT_column_vs_raw_feature,7.5,213,0.004848969098646747,0.00678077820403282,-0.11377716171482745,0.05851028877847751
F7_n8,spectral_flux,collapsed_factor_vs_matching_FIR_feature,,213,0.019781148454147787,0.029027745194232377,-0.030812364642923327,0.072333077187787
F7_n8,spectral_flux,collapsed_factor_vs_raw_feature,,213,-0.006718968646256485,-0.0075091670204935745,-0.05838098993871774,0.038855167614142684
F7_n8,spectral_flux,individual_TENT_column_vs_raw_feature,1.5,213,0.0071712763955943054,0.018439706259866257,-0.06947456685633742,0.09349917735446969
F7_n8,spectral_flux,individual_TENT_column_vs_raw_feature,3.0,213,-0.004142084443759612,-0.006887678620189018,-0.05251527269272063,0.05432793701148374
F7_n8,spectral_flux,individual_TENT_column_vs_raw_feature,4.5,213,-0.00950299981213582,-0.015474270564091638,-0.07221642268045203,0.04410079035200978
F7_n8,spectral_flux,individual_TENT_column_vs_raw_feature,6.0,213,-0.00042967064859854027,0.017105564918461748,-0.033711525578590716,0.04884137544845802
F7_n8,spectral_flux,individual_TENT_column_vs_raw_feature,7.5,213,-0.013776962068431231,-0.01523107610034183,-0.06966548309580047,0.028567407061015616
F7_n8,spectral_rolloff_85_hz,collapsed_factor_vs_matching_FIR_feature,,213,-0.009041306728633923,-0.0074646667165654615,-0.0562126272099884,0.014228171097176754
F7_n8,spectral_rolloff_85_hz,collapsed_factor_vs_raw_feature,,213,0.02235957573448273,0.025784728679113043,-0.03108973963483487,0.09287056972855738
F7_n8,spectral_rolloff_85_hz,individual_TENT_column_vs_raw_feature,1.5,213,0.00026981305434745843,-0.0008948887539646565,-0.034737311714471246,0.0450754373250188
F7_n8,spectral_rolloff_85_hz,individual_TENT_column_vs_raw_feature,3.0,213,0.0028397832646845085,0.009499033493895586,-0.0419390459987084,0.04122942571868537
F7_n8,spectral_rolloff_85_hz,individual_TENT_column_vs_raw_feature,4.5,213,0.019782331928911843,0.03668641421186851,-0.018827490557510918,0.07588919618561889
F7_n8,spectral_rolloff_85_hz,individual_TENT_column_vs_raw_feature,6.0,213,0.023017539129929935,0.023586908640011825,-0.07651382897434306,0.07439429888058913
F7_n8,spectral_rolloff_85_hz,individual_TENT_column_vs_raw_feature,7.5,213,0.017362946948086745,-0.010828900607114665,-0.09617811150876526,0.11326402913025144
F7_n8,word_count_per_tr,collapsed_factor_vs_matching_FIR_feature,,213,0.07423288856241736,0.09492075270036852,0.008354360320607884,0.12126505130395566
F7_n8,word_count_per_tr,collapsed_factor_vs_raw_feature,,213,0.01418381875682352,0.014127284002490326,-0.04453667669342666,0.04030651725676725
F7_n8,word_count_per_tr,individual_TENT_column_vs_raw_feature,1.5,213,-0.005459291684056233,-0.020885989201203454,-0.05978656913570956,0.07431078791560594
F7_n8,word_count_per_tr,individual_TENT_column_vs_raw_feature,3.0,213,0.009059262623563106,0.013807314656303067,-0.06635970645834384,0.05719602277891616
F7_n8,word_count_per_tr,individual_TENT_column_vs_raw_feature,4.5,213,0.02117725758599407,0.017737353227121385,-0.0027045812080714136,0.07373189370348798
F7_n8,word_count_per_tr,individual_TENT_column_vs_raw_feature,6.0,213,0.007322874717403965,0.006683749351926306,-0.045002006015369224,0.0719885109485781
F7_n8,word_count_per_tr,individual_TENT_column_vs_raw_feature,7.5,213,0.00405465880779092,-0.004724526387700929,-0.04779735839731246,0.05035664306487528
F7_n8,zero_crossing_rate,collapsed_factor_vs_matching_FIR_feature,,213,-0.01098793435401776,-0.01191362099059164,-0.05397386879566611,0.011060564324064246
F7_n8,zero_crossing_rate,collapsed_factor_vs_raw_feature,,213,0.01883413866354285,0.02038897025317273,-0.03813504098945504,0.08799509437379098
F7_n8,zero_crossing_rate,individual_TENT_column_vs_raw_feature,1.5,213,-0.00022490777943463136,-0.0023856040909293764,-0.04438921258279702,0.03836673320197149
F7_n8,zero_crossing_rate,individual_TENT_column_vs_raw_feature,3.0,213,-0.0014395422567657652,0.001227867353637931,-0.04542705588912184,0.03691111000938549
F7_n8,zero_crossing_rate,individual_TENT_column_vs_raw_feature,4.5,213,0.01569063412961069,0.026862985791087927,-0.021414531254222453,0.07761181178178388
F7_n8,zero_crossing_rate,individual_TENT_column_vs_raw_feature,6.0,213,0.020724567957338194,0.023917854033554512,-0.0772216197520168,0.06659681065406539
F7_n8,zero_crossing_rate,individual_TENT_column_vs_raw_feature,7.5,213,0.020003799015543444,-0.0007822478627953188,-0.0949636689357946,0.1141196815337288
F8_n8,peak_amplitude,collapsed_factor_vs_matching_FIR_feature,,213,-0.03723005667761616,-0.08024849242313357,-0.20401755165047616,0.07260173431020508
F8_n8,peak_amplitude,collapsed_factor_vs_raw_feature,,213,-0.020484597924646072,-0.04952100923063784,-0.1695618361558929,0.11625642288969872
F8_n8,peak_amplitude,individual_TENT_column_vs_raw_feature,1.5,213,0.0032218432669203394,-0.02112153636556896,-0.04478028948285918,0.09794424575872161
F8_n8,peak_amplitude,individual_TENT_column_vs_raw_feature,3.0,213,0.0015214166364343868,-0.02965738155945625,-0.08041358183046517,0.1706349171413566
F8_n8,peak_amplitude,individual_TENT_column_vs_raw_feature,4.5,213,-0.020920999532614906,-0.04819296597267543,-0.10147156359769774,0.08730595025928836
F8_n8,peak_amplitude,individual_TENT_column_vs_raw_feature,6.0,213,-0.007777536382103354,-0.028617033056287055,-0.08974171320598066,0.0670672552270753
F8_n8,peak_amplitude,individual_TENT_column_vs_raw_feature,7.5,213,-0.036007647473390025,-0.04474069888417647,-0.1384185982646982,0.05024227865247228
F8_n8,rms,collapsed_factor_vs_matching_FIR_feature,,213,-0.031535305704164546,-0.07412265669099252,-0.20047318139526993,0.08014454167495043
F8_n8,rms,collapsed_factor_vs_raw_feature,,213,-0.01930025375065858,-0.04836215427340345,-0.17278451475462198,0.11145661588657309
F8_n8,rms,individual_TENT_column_vs_raw_feature,1.5,213,0.0046387438642169765,-0.01592169880777487,-0.04232224024238211,0.0886785810343872
F8_n8,rms,individual_TENT_column_vs_raw_feature,3.0,213,0.0048577215104747,-0.027677579543765613,-0.08118848774774966,0.19169705421520522
F8_n8,rms,individual_TENT_column_vs_raw_feature,4.5,213,-0.022590058030337593,-0.04647527294437337,-0.10712144689138174,0.08593908171654087
F8_n8,rms,individual_TENT_column_vs_raw_feature,6.0,213,-0.008821529907447884,-0.030081745673110914,-0.09494177320394633,0.06794503412757301
F8_n8,rms,individual_TENT_column_vs_raw_feature,7.5,213,-0.03380617413148869,-0.04375319329161349,-0.13924737550027247,0.04940312995731531
F8_n8,rms_dbfs,collapsed_factor_vs_matching_FIR_feature,,213,-0.04144494186794658,-0.0685811511833015,-0.1718407800018355,0.03756417623451276
F8_n8,rms_dbfs,collapsed_factor_vs_raw_feature,,213,-0.027698318439485673,-0.023876758780445335,-0.16252279607910175,0.056923398816088405
F8_n8,rms_dbfs,individual_TENT_column_vs_raw_feature,1.5,213,-0.006924569491294893,0.0036570639880500523,-0.03371071906432099,0.03699538385140528
F8_n8,rms_dbfs,individual_TENT_column_vs_raw_feature,3.0,213,-0.004370176542006804,0.00641815090759447,-0.07500943881401592,0.07371709361379263
F8_n8,rms_dbfs,individual_TENT_column_vs_raw_feature,4.5,213,-0.021490985362898715,-0.01078858752461949,-0.09773157244909926,0.0761038454807265
F8_n8,rms_dbfs,individual_TENT_column_vs_raw_feature,6.0,213,-0.018749668058562315,0.0020884572215283032,-0.10304670867393588,0.020961187088278606
F8_n8,rms_dbfs,individual_TENT_column_vs_raw_feature,7.5,213,-0.02529934496666694,-0.016663946201959653,-0.11438462273846105,0.020161094990802635
F8_n8,spectral_bandwidth_hz,collapsed_factor_vs_matching_FIR_feature,,213,0.010454502158608815,0.0063833137923684545,-0.05644948795701122,0.0766117894226201
F8_n8,spectral_bandwidth_hz,collapsed_factor_vs_raw_feature,,213,0.03648587838164036,0.015320684678977813,-0.0285109074495782,0.13089758045091798
F8_n8,spectral_bandwidth_hz,individual_TENT_column_vs_raw_feature,1.5,213,0.007945827574836958,-0.008655958409573287,-0.02116925285992222,0.04269229640198694
F8_n8,spectral_bandwidth_hz,individual_TENT_column_vs_raw_feature,3.0,213,0.0060963371815854405,-0.01870783949568449,-0.04839463476780065,0.07419355104248312
F8_n8,spectral_bandwidth_hz,individual_TENT_column_vs_raw_feature,4.5,213,0.025071955508757158,0.009009242667652207,-0.06389851241867879,0.10491520935980217
F8_n8,spectral_bandwidth_hz,individual_TENT_column_vs_raw_feature,6.0,213,0.0368780623373679,0.0041947193225391885,-0.031798633137265685,0.0909085433652976
F8_n8,spectral_bandwidth_hz,individual_TENT_column_vs_raw_feature,7.5,213,0.02348722135838859,0.009513200416256267,-0.027519479843922744,0.07323846731956837
F8_n8,spectral_centroid_hz,collapsed_factor_vs_matching_FIR_feature,,213,-0.024512521563746354,-0.038677962211645635,-0.09785788989407714,0.05668363164819517
F8_n8,spectral_centroid_hz,collapsed_factor_vs_raw_feature,,213,0.02879952432821076,0.029766823389428678,-0.03374322819172568,0.08604762533627032
F8_n8,spectral_centroid_hz,individual_TENT_column_vs_raw_feature,1.5,213,0.009742618835790496,0.009302765024500528,-0.017758211584829937,0.04975251211176205
F8_n8,spectral_centroid_hz,individual_TENT_column_vs_raw_feature,3.0,213,0.004562923024901688,-0.0007074322377689974,-0.020215103336612708,0.03361587849867074
F8_n8,spectral_centroid_hz,individual_TENT_column_vs_raw_feature,4.5,213,0.014172043288951911,0.02758468519930129,-0.03336301287827109,0.04996640671662758
F8_n8,spectral_centroid_hz,individual_TENT_column_vs_raw_feature,6.0,213,0.02730419957271244,0.0020844259688684768,-0.046157585908804186,0.06268830187233153
F8_n8,spectral_centroid_hz,individual_TENT_column_vs_raw_feature,7.5,213,0.02562871744820493,0.006773941104484917,-0.029895574526385325,0.0644442777921481
F8_n8,spectral_flatness,collapsed_factor_vs_matching_FIR_feature,,213,0.013350485706694143,0.03566413271372367,-0.043118137322217594,0.052359858377908144
F8_n8,spectral_flatness,collapsed_factor_vs_raw_feature,,213,0.02638540757809042,0.005007957645740785,-0.028944941202729713,0.09559230418781578
F8_n8,spectral_flatness,individual_TENT_column_vs_raw_feature,1.5,213,0.010355422253106579,0.005782711345357407,-0.030967729245868086,0.05252700860295559
F8_n8,spectral_flatness,individual_TENT_column_vs_raw_feature,3.0,213,0.013253441197280816,-0.0031591087209897188,-0.03410343776676212,0.06485869143494613
F8_n8,spectral_flatness,individual_TENT_column_vs_raw_feature,4.5,213,0.018440776124533757,-0.005392103084127753,-0.06981666275913526,0.09454713705097978
F8_n8,spectral_flatness,individual_TENT_column_vs_raw_feature,6.0,213,0.02360335909502244,-0.015825836867440643,-0.034014886010856976,0.05666728424573742
F8_n8,spectral_flatness,individual_TENT_column_vs_raw_feature,7.5,213,0.0044899614796738195,-0.009961861751300023,-0.05966270586294066,0.03603618103546623
F8_n8,spectral_flux,collapsed_factor_vs_matching_FIR_feature,,213,0.014970990817978704,-0.0021139449633681496,-0.039537312375697665,0.07687751161719024
F8_n8,spectral_flux,collapsed_factor_vs_raw_feature,,213,-0.011333606170437084,-0.04053153198016065,-0.05638022310300204,0.028743780670088308
F8_n8,spectral_flux,individual_TENT_column_vs_raw_feature,1.5,213,-0.002392612088770496,-0.04272194655252537,-0.06926206132944941,0.04143733454262095
F8_n8,spectral_flux,individual_TENT_column_vs_raw_feature,3.0,213,0.0039935832746265335,-0.03644633686663771,-0.03045992785834297,0.049444298608295544
F8_n8,spectral_flux,individual_TENT_column_vs_raw_feature,4.5,213,-0.003474957857512424,-0.0409033757819548,-0.03168622939614637,0.04163091330830834
F8_n8,spectral_flux,individual_TENT_column_vs_raw_feature,6.0,213,-0.019468802753450958,-0.05966684572384734,-0.05247152013402805,0.026325687416917168
F8_n8,spectral_flux,individual_TENT_column_vs_raw_feature,7.5,213,-0.011868478086075693,-0.042827139131255285,-0.07541500316078807,0.018377621599248363
F8_n8,spectral_rolloff_85_hz,collapsed_factor_vs_matching_FIR_feature,,213,-0.019836264095573278,-0.03466627668394557,-0.08427137481733353,0.06262980356109456
F8_n8,spectral_rolloff_85_hz,collapsed_factor_vs_raw_feature,,213,0.03191524654940854,0.03020138860890184,-0.035410386094756066,0.10363521411799903
F8_n8,spectral_rolloff_85_hz,individual_TENT_column_vs_raw_feature,1.5,213,0.01316666279852318,0.01060641886241327,-0.01710126187065524,0.0395851908666754
F8_n8,spectral_rolloff_85_hz,individual_TENT_column_vs_raw_feature,3.0,213,0.0073940832275160556,-0.0004713685688794973,-0.024552192368893503,0.04197620169392024
F8_n8,spectral_rolloff_85_hz,individual_TENT_column_vs_raw_feature,4.5,213,0.01521542380973023,0.02631778675865792,-0.03749844090736584,0.05602772590944257
F8_n8,spectral_rolloff_85_hz,individual_TENT_column_vs_raw_feature,6.0,213,0.02814047684850911,-0.004239838700238539,-0.044055584738946246,0.06610646841215757
F8_n8,spectral_rolloff_85_hz,individual_TENT_column_vs_raw_feature,7.5,213,0.02604991455094835,0.01173331144194088,-0.033484805462052784,0.07147189682258381
F8_n8,word_count_per_tr,collapsed_factor_vs_matching_FIR_feature,,213,-0.02239737152362041,-0.08370467491332828,-0.1335214119150665,0.06283611322431362
F8_n8,word_count_per_tr,collapsed_factor_vs_raw_feature,,213,-0.015657714184155506,-0.049512689841368696,-0.14353679489920315,0.08371217813208008
F8_n8,word_count_per_tr,individual_TENT_column_vs_raw_feature,1.5,213,-0.004580019467034131,-0.04618306032684151,-0.0663800315547862,0.0639754445178444
F8_n8,word_count_per_tr,individual_TENT_column_vs_raw_feature,3.0,213,0.006439488413641514,-0.036576125350133916,-0.0810492152737608,0.14451917397328798
F8_n8,word_count_per_tr,individual_TENT_column_vs_raw_feature,4.5,213,-0.01915140907930582,-0.05429837760988067,-0.11828719066352357,0.05586522959983859
F8_n8,word_count_per_tr,individual_TENT_column_vs_raw_feature,6.0,213,-0.006688098985872184,-0.04921653319240278,-0.07496622741715495,0.057134581095912074
F8_n8,word_count_per_tr,individual_TENT_column_vs_raw_feature,7.5,213,-0.021541664667937912,-0.05099776080857978,-0.03998263364229814,0.020489033310906936
F8_n8,zero_crossing_rate,collapsed_factor_vs_matching_FIR_feature,,213,-0.019071850317283173,-0.026352697403305817,-0.07455321252807205,0.06300538878816977
F8_n8,zero_crossing_rate,collapsed_factor_vs_raw_feature,,213,0.029509896596893882,0.02890040912517739,-0.03367856475537108,0.075457893372585
F8_n8,zero_crossing_rate,individual_TENT_column_vs_raw_feature,1.5,213,0.010584349584504002,0.0076856496126962714,-0.023798622979978847,0.04489441574563193
F8_n8,zero_crossing_rate,individual_TENT_column_vs_raw_feature,3.0,213,0.002465771785277656,-0.0068225486280691725,-0.030758831626876235,0.023174776398858846
F8_n8,zero_crossing_rate,individual_TENT_column_vs_raw_feature,4.5,213,0.015366076916931839,0.023113101650582942,-0.04580290079302955,0.05590721146781254
F8_n8,zero_crossing_rate,individual_TENT_column_vs_raw_feature,6.0,213,0.029428361005719873,0.00555794153578087,-0.04563484739835026,0.06880063096777789
F8_n8,zero_crossing_rate,individual_TENT_column_vs_raw_feature,7.5,213,0.026651749532677925,0.012350040150150907,-0.03162925827405977,0.06430382011817133
